timeOpen,timeClose,timeHigh,timeLow,name,open,high,low,close,volume,marketCap,timestamp
2014-12-31T00:00:00.000Z,2014-12-31T23:59:59.999Z,2014-12-31T23:59:01.000Z,2014-12-31T03:29:01.000Z,2781,310.9140015,320.1929932,310.2109985,320.1929932,13942900,4377510595,2014-12-31T23:59:59.999Z
2014-12-30T00:00:00.000Z,2014-12-30T23:59:59.999Z,2014-12-30T04:09:01.000Z,2014-12-30T11:24:00.000Z,2781,312.7189941,314.8089905,309.3729858,310.7369995,12528300,4247060095,2014-12-30T23:59:59.999Z
2014-12-29T00:00:00.000Z,2014-12-29T23:59:59.999Z,2014-12-29T01:09:01.000Z,2014-12-29T23:54:01.000Z,2781,317.7009888,320.2669983,312.3070068,312.6700134,12302500,4272268163,2014-12-29T23:59:59.999Z
2014-12-28T00:00:00.000Z,2014-12-28T23:59:59.999Z,2014-12-28T00:39:00.000Z,2014-12-28T11:39:01.000Z,2781,316.1600037,320.0280151,311.0780029,317.2390137,11676600,4333389568,2014-12-28T23:59:59.999Z
2014-12-27T00:00:00.000Z,2014-12-27T23:59:59.999Z,2014-12-27T00:19:00.000Z,2014-12-27T19:59:00.000Z,2781,327.5830078,328.9110107,312.6300049,315.8630066,15185200,4313267197,2014-12-27T23:59:59.999Z
2014-12-26T00:00:00.000Z,2014-12-26T23:59:59.999Z,2014-12-26T21:24:01.000Z,2014-12-26T02:59:00.000Z,2781,319.1520081,331.4240112,316.6270142,327.9240112,16410500,4476703675,2014-12-26T23:59:59.999Z
2014-12-25T00:00:00.000Z,2014-12-25T23:59:59.999Z,2014-12-25T00:24:01.000Z,2014-12-25T19:29:01.000Z,2781,322.2860107,322.6700134,316.9580078,319.0079956,9883640,4353789283,2014-12-25T23:59:59.999Z
2014-12-24T00:00:00.000Z,2014-12-24T23:59:59.999Z,2014-12-24T00:19:02.000Z,2014-12-24T21:44:01.000Z,2781,334.3850098,334.7409973,321.3569946,322.5339966,15092300,4400637769,2014-12-24T23:59:59.999Z
2014-12-23T00:00:00.000Z,2014-12-23T23:59:59.999Z,2014-12-23T21:04:00.000Z,2014-12-23T02:04:01.000Z,2781,332.0169983,336.2869873,329.6019897,334.571991,16574200,4563595537,2014-12-23T23:59:59.999Z
2014-12-22T00:00:00.000Z,2014-12-22T23:59:59.999Z,2014-12-22T06:19:01.000Z,2014-12-22T05:04:00.000Z,2781,321.0679932,334.1170044,320.4249878,331.8859863,22315100,4525705359,2014-12-22T23:59:59.999Z
2014-12-21T00:00:00.000Z,2014-12-21T23:59:59.999Z,2014-12-21T00:09:00.000Z,2014-12-21T05:04:01.000Z,2781,329.5429993,329.6289978,318.9030151,320.8429871,15207600,4373820008,2014-12-21T23:59:59.999Z
2014-12-20T00:00:00.000Z,2014-12-20T23:59:59.999Z,2014-12-20T23:29:02.000Z,2014-12-20T01:44:00.000Z,2781,317.618988,330.3250122,316.0440063,329.9559937,20856700,4496945577,2014-12-20T23:59:59.999Z
2014-12-19T00:00:00.000Z,2014-12-19T23:59:59.999Z,2014-12-19T23:04:00.000Z,2014-12-19T03:49:00.000Z,2781,311.1789856,318.5329895,306.7690125,317.8429871,23823100,4330801581,2014-12-19T23:59:59.999Z
2014-12-18T00:00:00.000Z,2014-12-18T23:59:59.999Z,2014-12-18T03:29:00.000Z,2014-12-18T08:09:00.000Z,2781,319.7850037,323.7090149,304.2319946,311.3959961,39173000,4241890806,2014-12-18T23:59:59.999Z
2014-12-17T00:00:00.000Z,2014-12-17T23:59:59.999Z,2014-12-17T01:19:00.000Z,2014-12-17T18:59:00.000Z,2781,326.855011,333.95401,315.1520081,319.776001,37567900,4355021350,2014-12-17T23:59:59.999Z
2014-12-16T00:00:00.000Z,2014-12-16T23:59:59.999Z,2014-12-16T00:09:00.000Z,2014-12-16T23:59:00.000Z,2781,345.6730042,345.8590088,327.0620117,327.0620117,30864900,4453202603,2014-12-16T23:59:59.999Z
2014-12-15T00:00:00.000Z,2014-12-15T23:59:59.999Z,2014-12-15T00:09:00.000Z,2014-12-15T23:49:00.000Z,2781,351.3609924,351.8150024,344.9339905,345.3450012,17264200,4700905209,2014-12-15T23:59:59.999Z
2014-12-14T00:00:00.000Z,2014-12-14T23:59:59.999Z,2014-12-14T21:09:00.000Z,2014-12-14T00:24:05.000Z,2781,346.7269897,353.3160095,345.4179993,351.6319885,12415200,4785245608,2014-12-14T23:59:59.999Z
2014-12-13T00:00:00.000Z,2014-12-13T23:59:59.999Z,2014-12-13T00:09:00.000Z,2014-12-13T19:19:00.000Z,2781,352.381012,352.381012,346.5880127,347.3760071,11675900,4726102586,2014-12-13T23:59:59.999Z
2014-12-12T00:00:00.000Z,2014-12-12T23:59:59.999Z,2014-12-12T21:04:00.000Z,2014-12-12T07:49:00.000Z,2781,350.8330078,352.9830017,349.2909851,352.5419922,16989800,4795055945,2014-12-12T23:59:59.999Z
2014-12-11T00:00:00.000Z,2014-12-11T23:59:59.999Z,2014-12-11T05:44:00.000Z,2014-12-11T02:49:00.000Z,2781,344.3399963,361.3569946,338.7630005,350.506012,32431300,4766084199,2014-12-11T23:59:59.999Z
2014-12-10T00:00:00.000Z,2014-12-10T23:59:59.999Z,2014-12-10T00:39:00.000Z,2014-12-10T23:59:00.000Z,2781,352.2049866,352.3840027,346.3649902,346.3649902,16427700,4708572401,2014-12-10T23:59:59.999Z
2014-12-09T00:00:00.000Z,2014-12-09T23:59:59.999Z,2014-12-09T01:09:00.000Z,2014-12-09T14:54:01.000Z,2781,361.894989,363.0669861,344.9509888,352.2189941,32915500,4786893958,2014-12-09T23:59:59.999Z
2014-12-08T00:00:00.000Z,2014-12-08T23:59:59.999Z,2014-12-08T02:39:00.000Z,2014-12-08T23:54:00.000Z,2781,374.9649963,376.0289917,361.8859863,361.9089966,18898700,4917302822,2014-12-08T23:59:59.999Z
2014-12-07T00:00:00.000Z,2014-12-07T23:59:59.999Z,2014-12-07T12:49:00.000Z,2014-12-07T02:59:00.000Z,2781,374.8359985,376.2919922,373.2749939,375.0950012,6491650,5094943517,2014-12-07T23:59:59.999Z
2014-12-06T00:00:00.000Z,2014-12-06T23:59:59.999Z,2014-12-06T02:54:00.000Z,2014-12-06T05:49:01.000Z,2781,376.7569885,378.447998,370.9450073,374.7850037,7009320,5089542822,2014-12-06T23:59:59.999Z
2014-12-05T00:00:00.000Z,2014-12-05T23:59:59.999Z,2014-12-05T21:39:00.000Z,2014-12-05T01:14:00.000Z,2781,369.4419861,379.1919861,365.756012,376.8540039,15181800,5116358331,2014-12-05T23:59:59.999Z
2014-12-04T00:00:00.000Z,2014-12-04T23:59:59.999Z,2014-12-04T04:49:00.000Z,2014-12-04T23:29:00.000Z,2781,375.7179871,378.6549988,367.7590027,369.6040039,14529600,5016487250,2014-12-04T23:59:59.999Z
2014-12-03T00:00:00.000Z,2014-12-03T23:59:59.999Z,2014-12-03T04:24:00.000Z,2014-12-03T09:24:00.000Z,2781,381.7219849,383.026001,374.3460083,375.0100098,13340100,5088491940,2014-12-03T23:59:59.999Z
2014-12-02T00:00:00.000Z,2014-12-02T23:59:59.999Z,2014-12-02T09:54:00.000Z,2014-12-02T03:39:00.000Z,2781,379.25,384.0379944,377.8630066,381.3150024,12364100,5172928823,2014-12-02T23:59:59.999Z
2014-12-01T00:00:00.000Z,2014-12-01T23:59:59.999Z,2014-12-01T06:14:00.000Z,2014-12-01T02:14:00.000Z,2781,378.2489929,383.6619873,376.6690063,379.2449951,11763000,5143434464,2014-12-01T23:59:59.999Z
2014-11-30T00:00:00.000Z,2014-11-30T23:59:59.999Z,2014-11-30T10:24:00.000Z,2014-11-30T00:24:00.000Z,2781,375.5100098,382.5270081,373.3089905,378.0469971,9194440,5125958175,2014-11-30T23:59:59.999Z
2014-11-29T00:00:00.000Z,2014-11-29T23:59:59.999Z,2014-11-29T12:24:00.000Z,2014-11-29T20:19:01.000Z,2781,376.1520081,387.6010132,372.144989,375.4909973,15375600,5089799280,2014-11-29T23:59:59.999Z
2014-11-28T00:00:00.000Z,2014-11-28T23:59:59.999Z,2014-11-28T22:09:00.000Z,2014-11-28T11:14:01.000Z,2781,369.3739929,382.8380127,358.4549866,376.446991,22946500,5101280353,2014-11-28T23:59:59.999Z
2014-11-27T00:00:00.000Z,2014-11-27T23:59:59.999Z,2014-11-27T04:04:00.000Z,2014-11-27T23:04:00.000Z,2781,370.5020142,373.9920044,368.2820129,369.6700134,8748030,5008058116,2014-11-27T23:59:59.999Z
2014-11-26T00:00:00.000Z,2014-11-26T23:59:59.999Z,2014-11-26T03:39:00.000Z,2014-11-26T23:04:00.000Z,2781,376.0190125,377.697998,365.8160095,368.3699951,18601700,4989166443,2014-11-26T23:59:59.999Z
2014-11-25T00:00:00.000Z,2014-11-25T23:59:59.999Z,2014-11-25T09:14:01.000Z,2014-11-25T21:19:00.000Z,2781,376.8859863,394.7009888,374.7839966,375.3479919,25442200,5082390210,2014-11-25T23:59:59.999Z
2014-11-24T00:00:00.000Z,2014-11-24T23:59:59.999Z,2014-11-24T20:59:00.000Z,2014-11-24T06:24:00.000Z,2781,366.947998,387.2090149,366.6690063,376.901001,30930100,5102174795,2014-11-24T23:59:59.999Z
2014-11-23T00:00:00.000Z,2014-11-23T23:59:59.999Z,2014-11-23T22:54:00.000Z,2014-11-23T00:04:00.000Z,2781,353.1749878,370.8450012,353.1749878,367.572998,15151600,4974540006,2014-11-23T23:59:59.999Z
2014-11-22T00:00:00.000Z,2014-11-22T23:59:59.999Z,2014-11-22T12:34:00.000Z,2014-11-22T01:24:00.000Z,2781,351.6040039,364.8410034,350.8779907,352.9200134,15273000,4774989954,2014-11-22T23:59:59.999Z
2014-11-21T00:00:00.000Z,2014-11-21T23:59:59.999Z,2014-11-21T00:04:00.000Z,2014-11-21T06:59:00.000Z,2781,357.8789978,357.8789978,344.1119995,350.8479919,29850100,4745605133,2014-11-21T23:59:59.999Z
2014-11-20T00:00:00.000Z,2014-11-20T23:59:59.999Z,2014-11-20T00:54:00.000Z,2014-11-20T22:29:01.000Z,2781,380.3070068,382.0249939,356.7810059,357.8399963,25233200,4839043482,2014-11-20T23:59:59.999Z
2014-11-19T00:00:00.000Z,2014-11-19T23:59:59.999Z,2014-11-19T07:49:00.000Z,2014-11-19T00:04:00.000Z,2781,373.8959961,386.4809875,373.8959961,380.5549927,18931800,5144903809,2014-11-19T23:59:59.999Z
2014-11-18T00:00:00.000Z,2014-11-18T23:59:59.999Z,2014-11-18T00:29:00.000Z,2014-11-18T11:14:00.000Z,2781,387.7850037,392.4020081,371.1170044,375.197998,32222500,5071157408,2014-11-18T23:59:59.999Z
2014-11-17T00:00:00.000Z,2014-11-17T23:59:59.999Z,2014-11-17T09:29:00.000Z,2014-11-17T18:19:00.000Z,2781,388.348999,410.1990051,377.5020142,387.4079895,41518800,5234695637,2014-11-17T23:59:59.999Z
2014-11-16T00:00:00.000Z,2014-11-16T23:59:59.999Z,2014-11-16T13:09:00.000Z,2014-11-16T00:14:00.000Z,2781,374.730011,390.7990112,374.6019897,387.8819885,11905600,5239694300,2014-11-16T23:59:59.999Z
2014-11-15T00:00:00.000Z,2014-11-15T23:59:59.999Z,2014-11-15T00:29:00.000Z,2014-11-15T17:59:00.000Z,2781,399.6499939,405.5280151,371.0079956,376.1329956,15727500,5079582132,2014-11-15T23:59:59.999Z
2014-11-14T00:00:00.000Z,2014-11-14T23:59:59.999Z,2014-11-14T00:14:00.000Z,2014-11-14T09:19:00.000Z,2781,418.4169922,419.2520142,384.7890015,397.8179932,29589200,5371040273,2014-11-14T23:59:59.999Z
2014-11-13T00:00:00.000Z,2014-11-13T23:59:59.999Z,2014-11-13T05:19:00.000Z,2014-11-13T20:09:00.000Z,2781,427.2730103,457.0929871,401.1229858,420.7349854,58945000,5678828589,2014-11-13T23:59:59.999Z
2014-11-12T00:00:00.000Z,2014-11-12T23:59:59.999Z,2014-11-12T18:04:00.000Z,2014-11-12T00:04:00.000Z,2781,367.9849854,429.7179871,367.9849854,423.5610046,45783200,5715426244,2014-11-12T23:59:59.999Z
2014-11-11T00:00:00.000Z,2014-11-11T23:59:59.999Z,2014-11-11T07:24:00.000Z,2014-11-11T14:04:00.000Z,2781,365.8569946,371.3099976,363.7349854,367.6950073,15838900,4960242320,2014-11-11T23:59:59.999Z
2014-11-10T00:00:00.000Z,2014-11-10T23:59:59.999Z,2014-11-10T18:19:00.000Z,2014-11-10T02:49:00.000Z,2781,362.2650146,374.8160095,357.5610046,366.9240112,30450100,4948658123,2014-11-10T23:59:59.999Z
2014-11-09T00:00:00.000Z,2014-11-09T23:59:59.999Z,2014-11-09T23:39:00.000Z,2014-11-09T03:49:00.000Z,2781,345.3760071,363.6260071,344.2550049,363.2640076,24205600,4897961165,2014-11-09T23:59:59.999Z
2014-11-08T00:00:00.000Z,2014-11-08T23:59:59.999Z,2014-11-08T03:34:00.000Z,2014-11-08T00:04:00.000Z,2781,342.1539917,347.0320129,342.1539917,345.4880066,8535470,4656988222,2014-11-08T23:59:59.999Z
2014-11-07T00:00:00.000Z,2014-11-07T23:59:59.999Z,2014-11-07T05:59:00.000Z,2014-11-07T17:19:00.000Z,2781,349.8179932,352.7319946,341.776001,342.4150085,16834200,4614264695,2014-11-07T23:59:59.999Z
2014-11-06T00:00:00.000Z,2014-11-06T23:59:59.999Z,2014-11-06T20:59:00.000Z,2014-11-06T05:09:00.000Z,2781,339.4580078,352.9660034,338.4240112,349.2900085,18797000,4705591219,2014-11-06T23:59:59.999Z
2014-11-05T00:00:00.000Z,2014-11-05T23:59:59.999Z,2014-11-05T21:39:00.000Z,2014-11-05T00:04:00.000Z,2781,330.6830139,343.368988,330.6830139,339.4859924,19817200,4572205935,2014-11-05T23:59:59.999Z
2014-11-04T00:00:00.000Z,2014-11-04T23:59:59.999Z,2014-11-04T14:09:00.000Z,2014-11-04T10:19:00.000Z,2781,327.1610107,331.7669983,325.0769958,330.4920044,15655500,4449934321,2014-11-04T23:59:59.999Z
2014-11-03T00:00:00.000Z,2014-11-03T23:59:59.999Z,2014-11-03T04:09:00.000Z,2014-11-03T00:09:00.000Z,2781,325.5690002,334.0020142,325.4809875,327.5539856,12948500,4409040617,2014-11-03T23:59:59.999Z
2014-11-02T00:00:00.000Z,2014-11-02T23:59:59.999Z,2014-11-02T06:04:00.000Z,2014-11-02T11:59:00.000Z,2781,326.0750122,329.0499878,320.6260071,325.8919983,8603620,4385292372,2014-11-02T23:59:59.999Z
2014-11-01T00:00:00.000Z,2014-11-01T23:59:59.999Z,2014-11-01T03:34:00.000Z,2014-11-01T20:54:00.000Z,2781,338.6499939,340.5289917,321.0549927,325.7489929,16677200,4382113991,2014-11-01T23:59:59.999Z
2014-10-31T00:00:00.000Z,2014-10-31T23:59:59.999Z,2014-10-31T01:44:00.000Z,2014-10-31T17:29:00.000Z,2781,345.0090027,348.0450134,337.1419983,338.3210144,12545400,4549893052,2014-10-31T23:59:59.999Z
2014-10-30T00:00:00.000Z,2014-10-30T23:59:59.999Z,2014-10-30T21:14:00.000Z,2014-10-30T17:49:00.000Z,2781,335.7090149,350.9129944,335.071991,345.3049927,30177900,4642194094,2014-10-30T23:59:59.999Z
2014-10-29T00:00:00.000Z,2014-10-29T23:59:59.999Z,2014-10-29T00:19:00.000Z,2014-10-29T23:39:00.000Z,2781,357.0889893,357.8330078,335.3429871,335.5910034,18192700,4510175245,2014-10-29T23:59:59.999Z
2014-10-28T00:00:00.000Z,2014-10-28T23:59:59.999Z,2014-10-28T11:24:00.000Z,2014-10-28T03:39:00.000Z,2781,353.2149963,359.9840088,352.6789856,357.6180115,7845880,4804812401,2014-10-28T23:59:59.999Z
2014-10-27T00:00:00.000Z,2014-10-27T23:59:59.999Z,2014-10-27T16:09:00.000Z,2014-10-27T06:54:00.000Z,2781,354.7770081,358.6319885,349.8089905,352.9890137,13033000,4741410021,2014-10-27T23:59:59.999Z
2014-10-26T00:00:00.000Z,2014-10-26T23:59:59.999Z,2014-10-26T12:24:00.000Z,2014-10-26T02:19:00.000Z,2781,347.4869995,359.2210083,343.9309998,354.70401,11272500,4763036253,2014-10-26T23:59:59.999Z
2014-10-25T00:00:00.000Z,2014-10-25T23:59:59.999Z,2014-10-25T00:34:00.000Z,2014-10-25T10:49:00.000Z,2781,358.6109924,359.8609924,342.8770142,347.2709961,18127500,4662139220,2014-10-25T23:59:59.999Z
2014-10-24T00:00:00.000Z,2014-10-24T23:59:59.999Z,2014-10-24T14:19:00.000Z,2014-10-24T05:39:00.000Z,2781,358.5910034,364.3450012,353.3049927,358.3450012,15585700,4809419914,2014-10-24T23:59:59.999Z
2014-10-23T00:00:00.000Z,2014-10-23T23:59:59.999Z,2014-10-23T00:54:00.000Z,2014-10-23T21:54:00.000Z,2781,382.9620056,385.0480042,356.446991,358.4169922,26456900,4808952572,2014-10-23T23:59:59.999Z
2014-10-22T00:00:00.000Z,2014-10-22T23:59:59.999Z,2014-10-22T02:29:00.000Z,2014-10-22T10:59:00.000Z,2781,386.1180115,388.5759888,382.2489929,383.1579895,11641300,5139461096,2014-10-22T23:59:59.999Z
2014-10-21T00:00:00.000Z,2014-10-21T23:59:59.999Z,2014-10-21T14:24:00.000Z,2014-10-21T01:24:00.000Z,2781,382.42099,392.6459961,380.8340149,386.4750061,14188900,5182426851,2014-10-21T23:59:59.999Z
2014-10-20T00:00:00.000Z,2014-10-20T23:59:59.999Z,2014-10-20T01:09:00.000Z,2014-10-20T08:09:00.000Z,2781,389.2309875,390.0840149,378.2520142,382.8450012,16419000,5132276503,2014-10-20T23:59:59.999Z
2014-10-19T00:00:00.000Z,2014-10-19T23:59:59.999Z,2014-10-19T03:34:00.000Z,2014-10-19T11:39:00.000Z,2781,391.2539978,393.9389954,386.4570007,389.54599,5914570,5220783140,2014-10-19T23:59:59.999Z
2014-10-18T00:00:00.000Z,2014-10-18T23:59:59.999Z,2014-10-18T21:39:00.000Z,2014-10-18T02:44:00.000Z,2781,383.9760132,395.1579895,378.9710083,391.4419861,11416800,5244892214,2014-10-18T23:59:59.999Z
2014-10-17T00:00:00.000Z,2014-10-17T23:59:59.999Z,2014-10-17T23:09:00.000Z,2014-10-17T11:29:00.000Z,2781,382.756012,385.4779968,375.3890076,383.7579956,13600700,5140342471,2014-10-17T23:59:59.999Z
2014-10-16T00:00:00.000Z,2014-10-16T23:59:59.999Z,2014-10-16T01:09:00.000Z,2014-10-16T20:14:00.000Z,2781,394.5180054,398.8070068,373.0700073,382.5559998,26990000,5122903035,2014-10-16T23:59:59.999Z
2014-10-15T00:00:00.000Z,2014-10-15T23:59:59.999Z,2014-10-15T00:39:00.000Z,2014-10-15T16:29:00.000Z,2781,400.9549866,402.2269897,388.7659912,394.7730103,25267100,5285043276,2014-10-15T23:59:59.999Z
2014-10-14T00:00:00.000Z,2014-10-14T23:59:59.999Z,2014-10-14T06:04:00.000Z,2014-10-14T00:24:00.000Z,2781,391.6919861,411.697998,391.3240051,400.8699951,38491500,5365153884,2014-10-14T23:59:59.999Z
2014-10-13T00:00:00.000Z,2014-10-13T23:59:59.999Z,2014-10-13T22:19:00.000Z,2014-10-13T04:54:00.000Z,2781,377.92099,397.2260132,368.8970032,390.4140015,35221400,5223924767,2014-10-13T23:59:59.999Z
2014-10-12T00:00:00.000Z,2014-10-12T23:59:59.999Z,2014-10-12T22:24:00.000Z,2014-10-12T08:39:00.000Z,2781,362.6059875,379.4330139,356.1440125,378.5490112,17552800,5063689090,2014-10-12T23:59:59.999Z
2014-10-11T00:00:00.000Z,2014-10-11T23:59:59.999Z,2014-10-11T01:59:00.000Z,2014-10-11T11:39:00.000Z,2781,361.3619995,367.1910095,355.9509888,362.2990112,13345200,4844961125,2014-10-11T23:59:59.999Z
2014-10-10T00:00:00.000Z,2014-10-10T23:59:59.999Z,2014-10-10T05:44:00.000Z,2014-10-10T14:39:00.000Z,2781,364.6870117,375.0669861,352.9630127,361.5620117,43665700,4833830847,2014-10-10T23:59:59.999Z
2014-10-09T00:00:00.000Z,2014-10-09T23:59:59.999Z,2014-10-09T15:39:00.000Z,2014-10-09T05:09:00.000Z,2781,352.7479858,382.7260132,347.6870117,365.026001,83641104,4878718500,2014-10-09T23:59:59.999Z
2014-10-08T00:00:00.000Z,2014-10-08T23:59:59.999Z,2014-10-08T23:49:00.000Z,2014-10-08T03:49:00.000Z,2781,336.1159973,354.3640137,327.1879883,352.9400024,54736300,4715887222,2014-10-08T23:59:59.999Z
2014-10-07T00:00:00.000Z,2014-10-07T23:59:59.999Z,2014-10-07T03:34:00.000Z,2014-10-07T11:09:00.000Z,2781,330.5840149,339.2470093,320.4819946,336.1870117,49199900,4490819565,2014-10-07T23:59:59.999Z
2014-10-06T00:00:00.000Z,2014-10-06T23:59:59.999Z,2014-10-06T15:14:00.000Z,2014-10-06T01:29:00.000Z,2781,320.3890076,345.1340027,302.5599976,330.07901,79011800,4408130777,2014-10-06T23:59:59.999Z
2014-10-05T00:00:00.000Z,2014-10-05T23:59:59.999Z,2014-10-05T03:09:00.000Z,2014-10-05T16:34:00.000Z,2781,328.9159851,341.8009949,289.29599,320.5100098,83308096,4279040870,2014-10-05T23:59:59.999Z
2014-10-04T00:00:00.000Z,2014-10-04T23:59:59.999Z,2014-10-04T04:29:00.000Z,2014-10-04T20:14:00.000Z,2781,359.8919983,364.4869995,325.8859863,328.8659973,47236500,4389218291,2014-10-04T23:59:59.999Z
2014-10-03T00:00:00.000Z,2014-10-03T23:59:59.999Z,2014-10-03T10:14:00.000Z,2014-10-03T23:23:59.000Z,2781,375.1809998,377.6950073,357.8590088,359.5119934,30901200,4796851775,2014-10-03T23:59:59.999Z
2014-10-02T00:00:00.000Z,2014-10-02T23:59:59.999Z,2014-10-02T04:23:59.000Z,2014-10-02T22:54:01.000Z,2781,383.9880066,385.4970093,372.9460144,375.071991,21777700,5003085408,2014-10-02T23:59:59.999Z
2014-10-01T00:00:00.000Z,2014-10-01T23:59:59.999Z,2014-10-01T05:13:59.000Z,2014-10-01T16:09:04.000Z,2781,387.427002,391.3789978,380.7799988,383.6149902,26229400,5115688242,2014-10-01T23:59:59.999Z
2014-09-30T00:00:00.000Z,2014-09-30T23:59:59.999Z,2014-09-30T20:03:59.000Z,2014-09-30T02:14:01.000Z,2781,376.0880127,390.9769897,373.4429932,386.9440002,34707300,5158621325,2014-09-30T23:59:59.999Z
2014-09-29T00:00:00.000Z,2014-09-29T23:59:59.999Z,2014-09-29T16:49:01.000Z,2014-09-29T07:03:59.000Z,2781,376.928009,385.2109985,372.2399902,375.4670105,32497700,5004177243,2014-09-29T23:59:59.999Z
2014-09-28T00:00:00.000Z,2014-09-28T23:59:59.999Z,2014-09-28T03:29:00.000Z,2014-09-28T21:43:59.000Z,2781,399.4710083,401.0169983,374.3320007,377.1809998,23613300,5025729375,2014-09-28T23:59:59.999Z
2014-09-27T00:00:00.000Z,2014-09-27T23:59:59.999Z,2014-09-27T06:23:59.000Z,2014-09-27T17:38:59.000Z,2781,403.5559998,406.6229858,397.3720093,399.519989,15029300,5322075836,2014-09-27T23:59:59.999Z
2014-09-26T00:00:00.000Z,2014-09-26T23:59:59.999Z,2014-09-26T01:44:00.000Z,2014-09-26T11:18:59.000Z,2781,411.4289856,414.9379883,400.0090027,404.4249878,21460800,5386071486,2014-09-26T23:59:59.999Z
2014-09-25T00:00:00.000Z,2014-09-25T23:59:59.999Z,2014-09-25T00:23:59.000Z,2014-09-25T21:08:59.000Z,2781,423.1560059,423.519989,409.4679871,411.5740051,26814400,5479902023,2014-09-25T23:59:59.999Z
2014-09-24T00:00:00.000Z,2014-09-24T23:59:59.999Z,2014-09-24T01:58:59.000Z,2014-09-24T10:13:59.000Z,2781,435.7510071,436.1119995,421.1319885,423.2049866,30627700,5632911451,2014-09-24T23:59:59.999Z
2014-09-23T00:00:00.000Z,2014-09-23T23:59:59.999Z,2014-09-23T21:19:00.000Z,2014-09-23T10:13:59.000Z,2781,402.0920105,441.5570068,396.196991,435.7909851,45099500,5798754889,2014-09-23T23:59:59.999Z
2014-09-22T00:00:00.000Z,2014-09-22T23:59:59.999Z,2014-09-22T06:29:00.000Z,2014-09-22T01:43:59.000Z,2781,399.1000061,406.9159851,397.1300049,402.1520081,24127600,5349637034,2014-09-22T23:59:59.999Z
2014-09-21T00:00:00.000Z,2014-09-21T23:59:59.999Z,2014-09-21T00:29:00.000Z,2014-09-21T06:49:00.000Z,2781,408.0849915,412.4259949,393.1809998,398.8210144,26580100,5303651275,2014-09-21T23:59:59.999Z
2014-09-20T00:00:00.000Z,2014-09-20T23:59:59.999Z,2014-09-20T11:29:00.000Z,2014-09-20T02:09:00.000Z,2781,394.6730042,423.29599,389.8829956,408.9039917,36863600,5436072002,2014-09-20T23:59:59.999Z
2014-09-19T00:00:00.000Z,2014-09-19T23:59:59.999Z,2014-09-19T04:09:00.000Z,2014-09-19T12:34:00.000Z,2781,424.1029968,427.8349915,384.5320129,394.79599,37919700,5246779621,2014-09-19T23:59:59.999Z
2014-09-18T00:00:00.000Z,2014-09-18T23:59:59.999Z,2014-09-18T00:04:00.000Z,2014-09-18T19:39:00.000Z,2781,456.8599854,456.8599854,413.1040039,424.4400024,34483200,5638918842,2014-09-18T23:59:59.999Z
2014-09-17T00:00:00.000Z,2014-09-17T23:59:59.999Z,2014-09-17T04:39:00.000Z,2014-09-17T20:39:00.000Z,2781,465.8640137,468.1740112,452.4219971,457.3340149,21056800,6073910021,2014-09-17T23:59:59.999Z
2014-09-16T00:00:00.000Z,2014-09-16T23:59:59.999Z,2014-09-16T02:39:00.000Z,2014-09-16T23:04:00.000Z,2781,474.8619995,475.6419983,465.1279907,466.0570068,16797300,6187570806,2014-09-16T23:59:59.999Z
2014-09-15T00:00:00.000Z,2014-09-15T23:59:59.999Z,2014-09-15T06:09:00.000Z,2014-09-15T10:14:00.000Z,2781,477.7650146,478.6199951,474.0220032,475.3710022,15345200,6309195218,2014-09-15T23:59:59.999Z
2014-09-14T00:00:00.000Z,2014-09-14T23:59:59.999Z,2014-09-14T05:49:00.000Z,2014-09-14T11:49:00.000Z,2781,479.1170044,479.8529968,476.118988,477.8919983,13105500,6340778582,2014-09-14T23:59:59.999Z
2014-09-13T00:00:00.000Z,2014-09-13T23:59:59.999Z,2014-09-13T13:59:00.000Z,2014-09-13T05:34:00.000Z,2781,477.7929993,482.1170044,475.0979919,479.0020142,15588000,6353614254,2014-09-13T23:59:59.999Z
2014-09-12T00:00:00.000Z,2014-09-12T23:59:59.999Z,2014-09-12T00:09:00.000Z,2014-09-12T08:29:00.000Z,2781,479.5820007,479.6279907,473.0090027,477.7529907,15437200,6334873398,2014-09-12T23:59:59.999Z
2014-09-11T00:00:00.000Z,2014-09-11T23:59:59.999Z,2014-09-11T04:54:00.000Z,2014-09-11T18:24:00.000Z,2781,479.6170044,482.3510132,474.6099854,479.7489929,16852900,6359504769,2014-09-11T23:59:59.999Z
2014-09-10T00:00:00.000Z,2014-09-10T23:59:59.999Z,2014-09-10T13:19:00.000Z,2014-09-10T01:14:00.000Z,2781,475.4840088,487.4679871,475.144989,479.3590088,22787800,6352285708,2014-09-10T23:59:59.999Z
2014-09-09T00:00:00.000Z,2014-09-09T23:59:59.999Z,2014-09-09T21:29:00.000Z,2014-09-09T06:09:00.000Z,2781,474.8800049,477.3770142,467.7780151,475.2600098,21447800,6296101902,2014-09-09T23:59:59.999Z
2014-09-08T00:00:00.000Z,2014-09-08T23:59:59.999Z,2014-09-08T02:44:00.000Z,2014-09-08T12:29:00.000Z,2781,481.8110046,489.8340149,468.7900085,474.6000061,30238000,6285637995,2014-09-08T23:59:59.999Z
2014-09-07T00:00:00.000Z,2014-09-07T23:59:59.999Z,2014-09-07T06:59:00.000Z,2014-09-07T23:59:00.000Z,2781,485.1289978,488.0660095,482.2780151,482.2780151,8994050,6385589802,2014-09-07T23:59:59.999Z
2014-09-06T00:00:00.000Z,2014-09-06T23:59:59.999Z,2014-09-06T15:29:00.000Z,2014-09-06T01:09:00.000Z,2781,483.3410034,488.5950012,482.9979858,484.8299866,10601400,6417500778,2014-09-06T23:59:59.999Z
2014-09-05T00:00:00.000Z,2014-09-05T23:59:59.999Z,2014-09-05T07:09:00.000Z,2014-09-05T22:44:00.000Z,2781,489.6650085,490.6430054,481.6090088,483.3420105,15302500,6395641762,2014-09-05T23:59:59.999Z
2014-09-04T00:00:00.000Z,2014-09-04T23:59:59.999Z,2014-09-04T15:19:00.000Z,2014-09-04T01:14:00.000Z,2781,477.6799927,493.928009,477.0859985,489.6600037,26081400,6477467310,2014-09-04T23:59:59.999Z
2014-09-03T00:00:00.000Z,2014-09-03T23:59:59.999Z,2014-09-03T14:19:00.000Z,2014-09-03T00:54:00.000Z,2781,476.8710022,481.7120056,476.2080078,477.5859985,13342200,6315859936,2014-09-03T23:59:59.999Z
2014-09-02T00:00:00.000Z,2014-09-02T23:59:59.999Z,2014-09-02T18:59:00.000Z,2014-09-02T00:22:20.000Z,2781,474.4750061,482.9880066,472.3240051,477.4259949,23337900,6311703012,2014-09-02T23:59:59.999Z
2014-09-01T00:00:00.000Z,2014-09-01T23:59:59.999Z,2014-09-01T10:14:00.000Z,2014-09-01T04:39:00.000Z,2781,477.7869873,485.3059998,471.9100037,474.8789978,20432000,6276309535,2014-09-01T23:59:59.999Z
2014-08-31T00:00:00.000Z,2014-08-31T23:59:59.999Z,2014-08-31T02:09:00.000Z,2014-08-31T17:59:00.000Z,2781,502.9049988,504.8789978,474.8139954,477.7630005,44632300,6312801960,2014-08-31T23:59:59.999Z
2014-08-30T00:00:00.000Z,2014-08-30T23:59:59.999Z,2014-08-30T00:34:00.000Z,2014-08-30T07:49:00.000Z,2781,508.5899963,509.3080139,501.6359863,504.2489929,9424070,6660385523,2014-08-30T23:59:59.999Z
2014-08-29T00:00:00.000Z,2014-08-29T23:59:59.999Z,2014-08-29T15:34:00.000Z,2014-08-29T08:44:00.000Z,2781,508.4249878,511.6950073,503.8169861,508.5169983,17624800,6714458468,2014-08-29T23:59:59.999Z
2014-08-28T00:00:00.000Z,2014-08-28T23:59:59.999Z,2014-08-28T04:14:00.000Z,2014-08-28T22:34:00.000Z,2781,510.8840027,516.1569824,506.8770142,507.8150024,19862000,6703031046,2014-08-28T23:59:59.999Z
2014-08-27T00:00:00.000Z,2014-08-27T23:59:59.999Z,2014-08-27T09:29:00.000Z,2014-08-27T23:54:00.000Z,2781,512.1890259,520.7089844,510.9219971,511.1530151,22648500,6744868296,2014-08-27T23:59:59.999Z
2014-08-26T00:00:00.000Z,2014-08-26T23:59:59.999Z,2014-08-26T15:54:00.000Z,2014-08-26T00:04:00.000Z,2781,502.5440063,512.6879883,502.5440063,511.5700073,23235100,6748171027,2014-08-26T23:59:59.999Z
2014-08-25T00:00:00.000Z,2014-08-25T23:59:59.999Z,2014-08-25T00:04:00.000Z,2014-08-25T08:19:00.000Z,2781,508.2200012,508.2200012,499.2330017,502.4960022,18356700,6626339378,2014-08-25T23:59:59.999Z
2014-08-24T00:00:00.000Z,2014-08-24T23:59:59.999Z,2014-08-24T19:09:00.000Z,2014-08-24T08:54:00.000Z,2781,498.2850037,512.8880005,497.3510132,508.2860107,19441700,6700963067,2014-08-24T23:59:59.999Z
2014-08-23T00:00:00.000Z,2014-08-23T23:59:59.999Z,2014-08-23T00:19:00.000Z,2014-08-23T20:49:00.000Z,2781,513.3939819,514.2990112,492.1140137,498.0750122,25171900,6564528885,2014-08-23T23:59:59.999Z
2014-08-22T00:00:00.000Z,2014-08-22T23:59:59.999Z,2014-08-22T15:54:00.000Z,2014-08-22T06:24:00.000Z,2781,517.5809937,521.4790039,501.2749939,514.0430298,36563900,6772889206,2014-08-22T23:59:59.999Z
2014-08-21T00:00:00.000Z,2014-08-21T23:59:59.999Z,2014-08-21T02:29:00.000Z,2014-08-21T00:04:00.000Z,2781,510.4490051,531.9000244,510.4490051,517.2369995,49444200,6812929386,2014-08-21T23:59:59.999Z
2014-08-20T00:00:00.000Z,2014-08-20T23:59:59.999Z,2014-08-20T19:44:00.000Z,2014-08-20T05:44:00.000Z,2781,485.071991,518.2849731,467.5109863,511.980011,46527600,6741573447,2014-08-20T23:59:59.999Z
2014-08-19T00:00:00.000Z,2014-08-19T23:59:59.999Z,2014-08-19T20:04:00.000Z,2014-08-19T01:04:05.000Z,2781,461.480011,485.7099915,455.5390015,485.2449951,38422400,6387510426,2014-08-19T23:59:59.999Z
2014-08-18T00:00:00.000Z,2014-08-18T23:59:59.999Z,2014-08-18T00:49:00.000Z,2014-08-18T12:54:00.000Z,2781,491.5069885,499.3699951,443.8510132,461.4599915,50783800,6072259848,2014-08-18T23:59:59.999Z
2014-08-17T00:00:00.000Z,2014-08-17T23:59:59.999Z,2014-08-17T00:09:00.000Z,2014-08-17T21:09:00.000Z,2781,519.1420288,520.1900024,483.6260071,491.7950134,24300900,6468997661,2014-08-17T23:59:59.999Z
2014-08-16T00:00:00.000Z,2014-08-16T23:59:59.999Z,2014-08-16T23:14:00.000Z,2014-08-16T09:54:00.000Z,2781,497.8259888,521.4749756,487.743988,519.7080078,22832500,6833965310,2014-08-16T23:59:59.999Z
2014-08-15T00:00:00.000Z,2014-08-15T23:59:59.999Z,2014-08-15T01:54:00.000Z,2014-08-15T16:59:00.000Z,2781,511.1380005,518.1790161,487.9259949,497.0100098,25598300,6533519507,2014-08-15T23:59:59.999Z
2014-08-14T00:00:00.000Z,2014-08-14T23:59:59.999Z,2014-08-14T00:09:00.000Z,2014-08-14T08:09:00.000Z,2781,546.1810303,546.2440186,498.7250061,505.973999,35803900,6649282620,2014-08-14T23:59:59.999Z
2014-08-13T00:00:00.000Z,2014-08-13T23:59:59.999Z,2014-08-13T00:49:00.000Z,2014-08-13T13:29:00.000Z,2781,570.3770142,573.03302,532.6669922,546.65802,25777500,7181459812,2014-08-13T23:59:59.999Z
2014-08-12T00:00:00.000Z,2014-08-12T23:59:59.999Z,2014-08-12T00:19:00.000Z,2014-08-12T09:29:00.000Z,2781,576.5120239,576.947998,566.5949707,569.6420288,13978200,7481336243,2014-08-12T23:59:59.999Z
2014-08-11T00:00:00.000Z,2014-08-11T23:59:59.999Z,2014-08-11T00:09:00.000Z,2014-08-11T22:59:00.000Z,2781,591.2819824,591.507019,574.0510254,576.367981,14764200,7567178700,2014-08-11T23:59:59.999Z
2014-08-10T00:00:00.000Z,2014-08-10T23:59:59.999Z,2014-08-10T11:19:00.000Z,2014-08-10T01:49:00.000Z,2781,589.1719971,594.460022,587.9420166,591.0609741,7555310,7757394871,2014-08-10T23:59:59.999Z
2014-08-09T00:00:00.000Z,2014-08-09T23:59:59.999Z,2014-08-09T00:04:00.000Z,2014-08-09T04:14:00.000Z,2781,592.4699707,592.4699707,587.6329956,589.3720093,7922070,7732619577,2014-08-09T23:59:59.999Z
2014-08-08T00:00:00.000Z,2014-08-08T23:59:59.999Z,2014-08-08T02:14:00.000Z,2014-08-08T00:14:00.000Z,2781,588.875,598.1160278,588.7910156,592.5770264,11072000,7771958458,2014-08-08T23:59:59.999Z
2014-08-07T00:00:00.000Z,2014-08-07T23:59:59.999Z,2014-08-07T20:59:00.000Z,2014-08-07T08:59:00.000Z,2781,584.6459961,591.1040039,584.052002,588.8690186,11131400,7721014780,2014-08-07T23:59:59.999Z
2014-08-06T00:00:00.000Z,2014-08-06T23:59:59.999Z,2014-08-06T17:09:00.000Z,2014-08-06T12:19:00.000Z,2781,585.9520264,587.4860229,583.0980225,584.6530151,14497900,7663383046,2014-08-06T23:59:59.999Z
2014-08-05T00:00:00.000Z,2014-08-05T23:59:59.999Z,2014-08-05T00:39:00.000Z,2014-08-05T21:59:00.000Z,2781,589.0109863,589.8649902,584.1019897,585.4359741,10790800,7671275262,2014-08-05T23:59:59.999Z
2014-08-04T00:00:00.000Z,2014-08-04T23:59:59.999Z,2014-08-04T15:04:00.000Z,2014-08-04T09:39:00.000Z,2781,586.2329712,591.9459839,583.7399902,588.7819824,9867570,7713117798,2014-08-04T23:59:59.999Z
2014-08-03T00:00:00.000Z,2014-08-03T23:59:59.999Z,2014-08-03T00:39:00.000Z,2014-08-03T07:24:00.000Z,2781,588.8930054,589.151001,581.6500244,586.6660156,9917990,7683520602,2014-08-03T23:59:59.999Z
2014-08-02T00:00:00.000Z,2014-08-02T23:59:59.999Z,2014-08-02T00:14:00.000Z,2014-08-02T15:24:00.000Z,2781,594.8980103,594.9099731,586.1550293,589.3330078,8359080,7716181169,2014-08-02T23:59:59.999Z
2014-08-01T00:00:00.000Z,2014-08-01T23:59:59.999Z,2014-08-01T15:59:00.000Z,2014-08-01T06:49:00.000Z,2781,586.2020264,597.9219971,583.6339722,594.9160156,18215900,7786796032,2014-08-01T23:59:59.999Z
2014-07-31T00:00:00.000Z,2014-07-31T23:59:59.999Z,2014-07-31T18:04:00.000Z,2014-07-31T00:24:00.000Z,2781,567.367981,586.2349854,564.5109863,586.2349854,22467900,7670841007,2014-07-31T23:59:59.999Z
2014-07-30T00:00:00.000Z,2014-07-30T23:59:59.999Z,2014-07-30T08:59:00.000Z,2014-07-30T23:44:00.000Z,2781,584.7420044,585.1220093,564.8959961,567.2930298,14898800,7420859009,2014-07-30T23:59:59.999Z
2014-07-29T00:00:00.000Z,2014-07-29T23:59:59.999Z,2014-07-29T05:24:00.000Z,2014-07-29T14:44:00.000Z,2781,585.552002,588.3850098,581.6950073,584.7249756,11275400,7646390353,2014-07-29T23:59:59.999Z
2014-07-28T00:00:00.000Z,2014-07-28T23:59:59.999Z,2014-07-28T01:09:00.000Z,2014-07-28T13:34:00.000Z,2781,594.1370239,594.572998,575.1849976,585.690979,19316400,7656826297,2014-07-28T23:59:59.999Z
2014-07-27T00:00:00.000Z,2014-07-27T23:59:59.999Z,2014-07-27T01:29:00.000Z,2014-07-27T23:34:00.000Z,2781,595.6719971,598.9420166,593.4299927,593.8519897,7774230,7761289329,2014-07-27T23:59:59.999Z
2014-07-26T00:00:00.000Z,2014-07-26T23:59:59.999Z,2014-07-26T01:54:00.000Z,2014-07-26T10:14:00.000Z,2781,601.5419922,602.0880127,593.9639893,595.8129883,10752900,7784669228,2014-07-26T23:59:59.999Z
2014-07-25T00:00:00.000Z,2014-07-25T23:59:59.999Z,2014-07-25T05:14:00.000Z,2014-07-25T07:54:00.000Z,2781,601.5120239,607.0650024,597.2260132,601.0889893,12279500,7851574790,2014-07-25T23:59:59.999Z
2014-07-24T00:00:00.000Z,2014-07-24T23:59:59.999Z,2014-07-24T06:39:00.000Z,2014-07-24T13:44:00.000Z,2781,619.4959717,620.4290161,595.565979,601.7329712,20917200,7857489687,2014-07-24T23:59:59.999Z
2014-07-23T00:00:00.000Z,2014-07-23T23:59:59.999Z,2014-07-23T13:19:00.000Z,2014-07-23T23:14:00.000Z,2781,621.1229858,624.4310303,618.2930298,619.414978,11056600,8086153118,2014-07-23T23:59:59.999Z
2014-07-22T00:00:00.000Z,2014-07-22T23:59:59.999Z,2014-07-22T04:14:00.000Z,2014-07-22T19:49:00.000Z,2781,622.2730103,624.2979736,620.9569702,621.5510254,9602880,8111799946,2014-07-22T23:59:59.999Z
2014-07-21T00:00:00.000Z,2014-07-21T23:59:59.999Z,2014-07-21T00:19:00.000Z,2014-07-21T13:34:00.000Z,2781,623.9500122,624.0900269,619.1090088,622.2109985,10711900,8118204691,2014-07-21T23:59:59.999Z
2014-07-20T00:00:00.000Z,2014-07-20T23:59:59.999Z,2014-07-20T00:04:00.000Z,2014-07-20T22:29:00.000Z,2781,628.559021,628.559021,622.7750244,623.9000244,5760120,8137808455,2014-07-20T23:59:59.999Z
2014-07-19T00:00:00.000Z,2014-07-19T23:59:59.999Z,2014-07-19T00:04:00.000Z,2014-07-19T03:59:00.000Z,2781,629.1660156,629.1660156,624.5969849,628.5150146,7222030,8195599907,2014-07-19T23:59:59.999Z
2014-07-18T00:00:00.000Z,2014-07-18T23:59:59.999Z,2014-07-18T23:54:00.000Z,2014-07-18T12:04:00.000Z,2781,622.3690186,629.2130127,620.4719849,628.7789917,14158100,8196212862,2014-07-18T23:59:59.999Z
2014-07-17T00:00:00.000Z,2014-07-17T23:59:59.999Z,2014-07-17T15:29:00.000Z,2014-07-17T12:14:00.000Z,2781,616.5390015,626.289978,608.3989868,623.0889893,16576700,8119394873,2014-07-17T23:59:59.999Z
2014-07-16T00:00:00.000Z,2014-07-16T23:59:59.999Z,2014-07-16T03:34:00.000Z,2014-07-16T14:34:00.000Z,2781,622.0130005,623.09198,615.3250122,616.7999878,13182400,8034806880,2014-07-16T23:59:59.999Z
2014-07-15T00:00:00.000Z,2014-07-15T23:59:59.999Z,2014-07-15T10:44:00.000Z,2014-07-15T03:54:00.000Z,2781,619.9959717,625.1409912,619.6350098,621.5859985,10873200,8094883399,2014-07-15T23:59:59.999Z
2014-07-14T00:00:00.000Z,2014-07-14T23:59:59.999Z,2014-07-14T00:34:00.000Z,2014-07-14T14:44:00.000Z,2781,626.5620117,627.34198,617.3220215,619.3150024,12706800,8062877468,2014-07-14T23:59:59.999Z
2014-07-13T00:00:00.000Z,2014-07-13T23:59:59.999Z,2014-07-13T00:34:00.000Z,2014-07-13T19:04:00.000Z,2781,634.21698,634.7269897,624.9089966,626.4970093,11291000,8154265678,2014-07-13T23:59:59.999Z
2014-07-12T00:00:00.000Z,2014-07-12T23:59:59.999Z,2014-07-12T02:24:00.000Z,2014-07-12T16:04:00.000Z,2781,631.8809814,636.65802,626.9819946,633.7130127,13329000,8245635914,2014-07-12T23:59:59.999Z
2014-07-11T00:00:00.000Z,2014-07-11T23:59:59.999Z,2014-07-11T23:54:00.000Z,2014-07-11T06:49:00.000Z,2781,616.6619873,632.0859985,615.7689819,632.0029907,16467100,8220889623,2014-07-11T23:59:59.999Z
2014-07-10T00:00:00.000Z,2014-07-10T23:59:59.999Z,2014-07-10T06:34:00.000Z,2014-07-10T13:44:00.000Z,2781,624.8259888,626.1160278,612.3460083,616.7620239,15880700,8020234277,2014-07-10T23:59:59.999Z
2014-07-09T00:00:00.000Z,2014-07-09T23:59:59.999Z,2014-07-09T15:14:00.000Z,2014-07-09T09:49:00.000Z,2781,625.2210083,626.9979858,622.5960083,624.5089722,9819150,8118679451,2014-07-09T23:59:59.999Z
2014-07-08T00:00:00.000Z,2014-07-08T23:59:59.999Z,2014-07-08T21:49:00.000Z,2014-07-08T02:19:00.000Z,2781,622.5700073,626.6950073,620.9069824,624.8179932,10005500,8120056626,2014-07-08T23:59:59.999Z
2014-07-07T00:00:00.000Z,2014-07-07T23:59:59.999Z,2014-07-07T05:11:10.000Z,2014-07-07T16:31:10.000Z,2781,635.4630127,637.1569824,617.007019,624.0859985,17813600,8108140914,2014-07-07T23:59:59.999Z
2014-07-06T00:00:00.000Z,2014-07-06T23:59:59.999Z,2014-07-06T01:51:14.000Z,2014-07-06T00:51:08.000Z,2781,631.7719727,638.6530151,631.1599731,635.8070068,10080000,8258179220,2014-07-06T23:59:59.999Z
2014-07-05T00:00:00.000Z,2014-07-05T23:59:59.999Z,2014-07-05T16:11:09.000Z,2014-07-05T06:36:09.000Z,2781,629.9509888,633.2219849,628.0040283,631.4569702,9105940,8199437572,2014-07-05T23:59:59.999Z
2014-07-04T00:00:00.000Z,2014-07-04T23:59:59.999Z,2014-07-04T04:06:14.000Z,2014-07-04T23:26:15.000Z,2781,644.6459961,648.4329834,629.4030151,630.6920166,22237200,8187107456,2014-07-04T23:59:59.999Z
2014-07-03T00:00:00.000Z,2014-07-03T23:59:59.999Z,2014-07-03T00:01:08.000Z,2014-07-03T19:06:12.000Z,2781,650.7689819,650.7689819,641.3029785,645.1560059,18949000,8372189412,2014-07-03T23:59:59.999Z
2014-07-02T00:00:00.000Z,2014-07-02T23:59:59.999Z,2014-07-02T18:36:11.000Z,2014-07-02T01:26:14.000Z,2781,641.0369873,656.6779785,638.3389893,650.8790283,25768200,8444194978,2014-07-02T23:59:59.999Z
2014-07-01T00:00:00.000Z,2014-07-01T23:59:59.999Z,2014-07-01T12:26:11.000Z,2014-07-01T00:41:11.000Z,2781,641.3909912,657.8579712,640.1069946,640.8060303,38446300,8311317901,2014-07-01T23:59:59.999Z
2014-06-30T00:00:00.000Z,2014-06-30T23:59:59.999Z,2014-06-30T20:56:12.000Z,2014-06-30T00:26:13.000Z,2781,602.6199951,645.1550293,599.8829956,639.7969971,46422400,8296103745,2014-06-30T23:59:59.999Z
2014-06-29T00:00:00.000Z,2014-06-29T23:59:59.999Z,2014-06-29T23:31:08.000Z,2014-06-29T13:36:10.000Z,2781,596.3319702,604.0759888,596.1619873,602.7150269,8897470,7813280835,2014-06-29T23:59:59.999Z
2014-06-28T00:00:00.000Z,2014-06-28T23:59:59.999Z,2014-06-28T12:46:12.000Z,2014-06-28T14:11:11.000Z,2781,599.0770264,604.4730225,595.9180298,596.5490112,13398100,7730991679,2014-06-28T23:59:59.999Z
2014-06-27T00:00:00.000Z,2014-06-27T23:59:59.999Z,2014-06-27T23:01:09.000Z,2014-06-27T00:26:08.000Z,2781,581.2969971,600.1240234,579.8850098,597.2609863,20814600,7737366940,2014-06-27T23:59:59.999Z
2014-06-26T00:00:00.000Z,2014-06-26T23:59:59.999Z,2014-06-26T23:36:11.000Z,2014-06-26T00:36:10.000Z,2781,566.1370239,581.6290283,564.7310181,581.1370239,14655900,7525767735,2014-06-26T23:59:59.999Z
2014-06-25T00:00:00.000Z,2014-06-25T23:59:59.999Z,2014-06-25T00:36:09.000Z,2014-06-25T12:11:13.000Z,2781,581.809021,583.598999,565.625,566.3359985,20687700,7331658430,2014-06-25T23:59:59.999Z
2014-06-24T00:00:00.000Z,2014-06-24T23:59:59.999Z,2014-06-24T14:46:14.000Z,2014-06-24T23:56:09.000Z,2781,593.9699707,596.9710083,582.3569946,582.3569946,14144900,7536340173,2014-06-24T23:59:59.999Z
2014-06-23T00:00:00.000Z,2014-06-23T23:59:59.999Z,2014-06-23T02:01:11.000Z,2014-06-23T13:16:06.000Z,2781,602.1610107,603.2119751,586.3430176,593.9840088,14053800,7684029467,2014-06-23T23:59:59.999Z
2014-06-22T00:00:00.000Z,2014-06-22T23:59:59.999Z,2014-06-22T09:16:09.000Z,2014-06-22T00:56:08.000Z,2781,595.9039917,605.9970093,594.6270142,602.2730103,10877700,7788609493,2014-06-22T23:59:59.999Z
2014-06-21T00:00:00.000Z,2014-06-21T23:59:59.999Z,2014-06-21T13:31:06.000Z,2014-06-21T03:46:07.000Z,2781,593.6779785,599.4619751,587.7369995,594.9920044,9256290,7691773955,2014-06-21T23:59:59.999Z
2014-06-20T00:00:00.000Z,2014-06-20T23:59:59.999Z,2014-06-20T04:21:09.000Z,2014-06-20T08:36:07.000Z,2781,597.4019775,599.7540283,587.7559814,594.1459961,18134100,7678074490,2014-06-20T23:59:59.999Z
2014-06-19T00:00:00.000Z,2014-06-19T23:59:59.999Z,2014-06-19T06:26:09.000Z,2014-06-19T23:06:06.000Z,2781,608.0700073,612.2410278,597.0180054,598.0709839,12803800,7726000792,2014-06-19T23:59:59.999Z
2014-06-18T00:00:00.000Z,2014-06-18T23:59:59.999Z,2014-06-18T01:01:06.000Z,2014-06-18T17:21:07.000Z,2781,609.7670288,615.8809814,604.3959961,607.9580078,17862000,7851200010,2014-06-18T23:59:59.999Z
2014-06-17T00:00:00.000Z,2014-06-17T23:59:59.999Z,2014-06-17T23:51:07.000Z,2014-06-17T01:36:11.000Z,2781,591.5859985,610.8889771,590.4000244,610.8640137,18597300,7886300055,2014-06-17T23:59:59.999Z
2014-06-16T00:00:00.000Z,2014-06-16T23:59:59.999Z,2014-06-16T12:31:07.000Z,2014-06-16T03:31:08.000Z,2781,592.6489868,608.7199707,587.0679932,592.1879883,28677500,7642482234,2014-06-16T23:59:59.999Z
2014-06-15T00:00:00.000Z,2014-06-15T23:59:59.999Z,2014-06-15T23:56:07.000Z,2014-06-15T11:01:07.000Z,2781,575.9279785,592.9370117,554.8909912,592.9370117,23580900,7649361650,2014-06-15T23:59:59.999Z
2014-06-14T00:00:00.000Z,2014-06-14T23:59:59.999Z,2014-06-14T00:06:04.000Z,2014-06-14T16:46:06.000Z,2781,600.7459717,601.2700195,549.8209839,577.3579712,38481200,7445594334,2014-06-14T23:59:59.999Z
2014-06-13T00:00:00.000Z,2014-06-13T23:59:59.999Z,2014-06-13T12:01:05.000Z,2014-06-13T00:01:08.000Z,2781,585.6959839,615.1370239,585.6959839,600.1630249,35700700,7737046327,2014-06-13T23:59:59.999Z
2014-06-12T00:00:00.000Z,2014-06-12T23:59:59.999Z,2014-06-12T05:01:06.000Z,2014-06-12T22:31:06.000Z,2781,633.4279785,638.1090088,573.2719727,586.9520264,50818800,7564343900,2014-06-12T23:59:59.999Z
2014-06-11T00:00:00.000Z,2014-06-11T23:59:59.999Z,2014-06-11T02:56:08.000Z,2014-06-11T22:06:07.000Z,2781,653.1879883,657.039978,632.5469971,633.0200195,25163800,8155307439,2014-06-11T23:59:59.999Z
2014-06-10T00:00:00.000Z,2014-06-10T23:59:59.999Z,2014-06-10T07:51:04.000Z,2014-06-10T02:51:06.000Z,2781,650.0419922,659.6149902,646.5640259,653.1500244,17913400,8412294411,2014-06-10T23:59:59.999Z
2014-06-09T00:00:00.000Z,2014-06-09T23:59:59.999Z,2014-06-09T01:36:06.000Z,2014-06-09T08:16:06.000Z,2781,655.6400146,657.7030029,644.3930054,649.1589966,19065400,8358149331,2014-06-09T23:59:59.999Z
2014-06-08T00:00:00.000Z,2014-06-08T23:59:59.999Z,2014-06-08T08:31:05.000Z,2014-06-08T19:36:06.000Z,2781,654.9940186,658.8839722,653.4699707,656.1400146,8614190,8445489607,2014-06-08T23:59:59.999Z
2014-06-07T00:00:00.000Z,2014-06-07T23:59:59.999Z,2014-06-07T12:46:09.000Z,2014-06-07T02:01:09.000Z,2781,653.5219727,656.9439697,644.9069824,654.9689941,15855300,8428206589,2014-06-07T23:59:59.999Z
2014-06-06T00:00:00.000Z,2014-06-06T23:59:59.999Z,2014-06-06T09:16:08.000Z,2014-06-06T05:41:06.000Z,2781,659.28302,661.3660278,652.3040161,653.7020264,18680100,8409353268,2014-06-06T23:59:59.999Z
2014-06-05T00:00:00.000Z,2014-06-05T23:59:59.999Z,2014-06-05T14:06:05.000Z,2014-06-05T00:06:06.000Z,2781,641.0720215,663.526001,640.0900269,659.2579956,29621300,8478552324,2014-06-05T23:59:59.999Z
2014-06-04T00:00:00.000Z,2014-06-04T23:59:59.999Z,2014-06-04T00:11:08.000Z,2014-06-04T02:11:06.000Z,2781,666.7739868,668.5629883,624.0889893,641.6140137,37731500,8249183077,2014-06-04T23:59:59.999Z
2014-06-03T00:00:00.000Z,2014-06-03T23:59:59.999Z,2014-06-03T05:16:08.000Z,2014-06-03T10:16:08.000Z,2781,660.5499878,674.1110229,650.7839966,667.6049805,40653700,8580309812,2014-06-03T23:59:59.999Z
2014-06-02T00:00:00.000Z,2014-06-02T23:59:59.999Z,2014-06-02T22:41:07.000Z,2014-06-02T06:06:05.000Z,2781,629.6450195,665.4979858,618.7449951,660.617981,45450200,8487587033,2014-06-02T23:59:59.999Z
2014-06-01T00:00:00.000Z,2014-06-01T23:59:59.999Z,2014-06-01T18:26:07.000Z,2014-06-01T00:41:06.000Z,2781,623.6929932,671.5130005,619.9060059,630.2290039,45259100,8094125581,2014-06-01T23:59:59.999Z
2014-05-31T00:00:00.000Z,2014-05-31T23:59:59.999Z,2014-05-31T23:21:05.000Z,2014-05-31T02:36:06.000Z,2781,615.6870117,624.7150269,604.4710083,623.677002,15107100,8007248676,2014-05-31T23:59:59.999Z
2014-05-30T00:00:00.000Z,2014-05-30T23:59:59.999Z,2014-05-30T22:26:09.000Z,2014-05-30T06:01:14.000Z,2781,568.177002,618.4580078,568.1569824,615.3250122,31985400,7897757908,2014-05-30T23:59:59.999Z
2014-05-29T00:00:00.000Z,2014-05-29T23:59:59.999Z,2014-05-29T00:06:18.000Z,2014-05-29T11:06:21.000Z,2781,576.3300171,577.0960083,561.5960083,568.1799927,18707800,7290260762,2014-05-29T23:59:59.999Z
2014-05-28T00:00:00.000Z,2014-05-28T23:59:59.999Z,2014-05-28T03:21:06.000Z,2014-05-28T13:31:07.000Z,2781,571.914978,578.6240234,564.0869751,577.0620117,19289000,7402205099,2014-05-28T23:59:59.999Z
2014-05-27T00:00:00.000Z,2014-05-27T23:59:59.999Z,2014-05-27T05:01:16.000Z,2014-05-27T09:01:20.000Z,2781,582.5880127,589.5170288,554.434021,571.2440186,38032000,7325147499,2014-05-27T23:59:59.999Z
2014-05-26T00:00:00.000Z,2014-05-26T23:59:59.999Z,2014-05-26T08:01:10.000Z,2014-05-26T01:01:05.000Z,2781,571.3930054,588.3889771,565.3319702,583.4240112,29959800,7479335238,2014-05-26T23:59:59.999Z
2014-05-25T00:00:00.000Z,2014-05-25T23:59:59.999Z,2014-05-25T09:31:05.000Z,2014-05-25T00:01:05.000Z,2781,525.2280273,576.4780273,525.2280273,571.5880127,47010300,7325371780,2014-05-25T23:59:59.999Z
2014-05-24T00:00:00.000Z,2014-05-24T23:59:59.999Z,2014-05-24T23:51:08.000Z,2014-05-24T01:36:06.000Z,2781,521.0510254,525.1699829,516.2810059,525.1380005,11499300,6727963028,2014-05-24T23:59:59.999Z
2014-05-23T00:00:00.000Z,2014-05-23T23:59:59.999Z,2014-05-23T13:31:07.000Z,2014-05-23T23:41:06.000Z,2781,525.7150269,541.9559937,520.0759888,520.2219849,34934700,6662964359,2014-05-23T23:59:59.999Z
2014-05-22T00:00:00.000Z,2014-05-22T23:59:59.999Z,2014-05-22T22:56:20.000Z,2014-05-22T01:46:07.000Z,2781,492.0490112,525.3560181,490.1910095,524.5789795,33086500,6716604600,2014-05-22T23:59:59.999Z
2014-05-21T00:00:00.000Z,2014-05-21T23:59:59.999Z,2014-05-21T08:31:07.000Z,2014-05-21T09:17:42.000Z,2781,485.7999878,494.368988,483.4890137,491.769989,14626000,6294422409,2014-05-21T23:59:59.999Z
2014-05-20T00:00:00.000Z,2014-05-20T23:59:59.999Z,2014-05-20T17:16:07.000Z,2014-05-20T00:21:06.000Z,2781,446.3049927,491.4440002,446.0069885,485.723999,40327500,6214911439,2014-05-20T23:59:59.999Z
2014-05-19T00:00:00.000Z,2014-05-19T23:59:59.999Z,2014-05-19T20:46:17.000Z,2014-05-19T12:31:08.000Z,2781,446.0759888,447.5549927,443.1000061,446.1809998,6242620,5706978471,2014-05-19T23:59:59.999Z
2014-05-18T00:00:00.000Z,2014-05-18T23:59:59.999Z,2014-05-18T02:51:06.000Z,2014-05-18T19:06:06.000Z,2781,448.7009888,449.7669983,444.7839966,446.2640076,2857830,5706165793,2014-05-18T23:59:59.999Z
2014-05-17T00:00:00.000Z,2014-05-17T23:59:59.999Z,2014-05-17T15:26:06.000Z,2014-05-17T01:51:06.000Z,2781,448.1170044,451.980011,447.3009949,448.9030151,2945790,5737967927,2014-05-17T23:59:59.999Z
2014-05-16T00:00:00.000Z,2014-05-16T23:59:59.999Z,2014-05-16T14:01:09.000Z,2014-05-16T02:41:11.000Z,2781,447.3859863,450.6610107,444.9639893,448.0580139,6475100,5725217915,2014-05-16T23:59:59.999Z
2014-05-15T00:00:00.000Z,2014-05-15T23:59:59.999Z,2014-05-15T10:56:05.000Z,2014-05-15T00:16:06.000Z,2781,444.1359863,449.7990112,443.6300049,447.2520142,7362980,5712906334,2014-05-15T23:59:59.999Z
2014-05-14T00:00:00.000Z,2014-05-14T23:59:59.999Z,2014-05-14T22:26:06.000Z,2014-05-14T00:11:06.000Z,2781,440.5920105,446.6589966,440.5029907,443.9719849,9472960,5669111766,2014-05-14T23:59:59.999Z
2014-05-13T00:00:00.000Z,2014-05-13T23:59:59.999Z,2014-05-13T10:16:11.000Z,2014-05-13T11:51:07.000Z,2781,441.5310059,441.9760132,436.9670105,440.67099,7682670,5625308533,2014-05-13T23:59:59.999Z
2014-05-12T00:00:00.000Z,2014-05-12T23:59:59.999Z,2014-05-12T22:51:06.000Z,2014-05-12T04:56:06.000Z,2781,438.303009,442.2600098,434.2309875,441.4620056,7383770,5633629021,2014-05-12T23:59:59.999Z
2014-05-11T00:00:00.000Z,2014-05-11T23:59:59.999Z,2014-05-11T00:31:06.000Z,2014-05-11T16:41:07.000Z,2781,453.9200134,455.3389893,433.401001,438.8859863,12251700,5598956479,2014-05-11T23:59:59.999Z
2014-05-10T00:00:00.000Z,2014-05-10T23:59:59.999Z,2014-05-10T23:06:05.000Z,2014-05-10T13:21:16.000Z,2781,450.4559937,455.7709961,448.4679871,454.4330139,6682600,5795543101,2014-05-10T23:59:59.999Z
2014-05-09T00:00:00.000Z,2014-05-09T23:59:59.999Z,2014-05-09T15:06:09.000Z,2014-05-09T04:01:05.000Z,2781,440.178009,452.6919861,440.1430054,449.4609985,10347900,5730133343,2014-05-09T23:59:59.999Z
2014-05-08T00:00:00.000Z,2014-05-08T23:59:59.999Z,2014-05-08T13:42:32.000Z,2014-05-08T01:46:07.000Z,2781,438.6789856,448.3989868,438.1430054,440.1690063,9446580,5609810850,2014-05-08T23:59:59.999Z
2014-05-07T00:00:00.000Z,2014-05-07T23:59:59.999Z,2014-05-07T16:56:07.000Z,2014-05-07T07:16:07.000Z,2781,429.3410034,446.1279907,428.4509888,438.8210144,18332200,5590798951,2014-05-07T23:59:59.999Z
2014-05-06T00:00:00.000Z,2014-05-06T23:59:59.999Z,2014-05-06T11:23:01.000Z,2014-05-06T04:11:06.000Z,2781,433.3640137,448.0379944,423.2510071,428.9620056,12507300,5463474513,2014-05-06T23:59:59.999Z
2014-05-05T00:00:00.000Z,2014-05-05T23:59:59.999Z,2014-05-05T01:26:12.000Z,2014-05-05T07:26:06.000Z,2781,434.7820129,440.973999,427.6170044,433.4819946,10004800,5518951942,2014-05-05T23:59:59.999Z
2014-05-04T00:00:00.000Z,2014-05-04T23:59:59.999Z,2014-05-04T04:06:09.000Z,2014-05-04T11:41:06.000Z,2781,438.5169983,439.7690125,430.0539856,436.4030151,5621260,5554777406,2014-05-04T23:59:59.999Z
2014-05-03T00:00:00.000Z,2014-05-03T23:59:59.999Z,2014-05-03T00:01:15.000Z,2014-05-03T19:16:08.000Z,2781,449.4030151,449.4030151,430.6820068,437.7619934,9849640,5570422954,2014-05-03T23:59:59.999Z
2014-05-02T00:00:00.000Z,2014-05-02T23:59:59.999Z,2014-05-02T00:21:04.000Z,2014-05-02T12:26:03.000Z,2781,457.3640137,457.9289856,443.4030151,449.3770142,10394200,5716625927,2014-05-02T23:59:59.999Z
2014-05-01T00:00:00.000Z,2014-05-01T23:59:59.999Z,2014-05-01T17:31:02.000Z,2014-05-01T00:01:03.000Z,2781,447.6329956,460.6140137,447.6329956,457.7600098,12871800,5821425472,2014-05-01T23:59:59.999Z
2014-04-30T00:00:00.000Z,2014-04-30T23:59:59.999Z,2014-04-30T06:31:02.000Z,2014-04-30T07:46:03.000Z,2781,446.8900146,451.098999,436.6990051,447.644989,15244900,5690810165,2014-04-30T23:59:59.999Z
2014-04-29T00:00:00.000Z,2014-04-29T23:59:59.999Z,2014-04-29T11:51:02.000Z,2014-04-29T05:36:02.000Z,2781,439.9830017,451.6359863,435.1809998,447.2090149,16401400,5683724524,2014-04-29T23:59:59.999Z
2014-04-28T00:00:00.000Z,2014-04-28T23:59:59.999Z,2014-04-28T19:16:03.000Z,2014-04-28T04:46:02.000Z,2781,430.7160034,447.5339966,422.9419861,440.2850037,23876600,5593864954,2014-04-28T23:59:59.999Z
2014-04-27T00:00:00.000Z,2014-04-27T23:59:59.999Z,2014-04-27T04:51:02.000Z,2014-04-27T23:56:02.000Z,2781,457.2420044,459.3299866,436.3900146,436.3900146,10949500,5542720307,2014-04-27T23:59:59.999Z
2014-04-26T00:00:00.000Z,2014-04-26T23:59:59.999Z,2014-04-26T15:31:02.000Z,2014-04-26T02:31:02.000Z,2781,461.7049866,464.5429993,449.1029968,458.6010132,12214600,5822776642,2014-04-26T23:59:59.999Z
2014-04-25T00:00:00.000Z,2014-04-25T23:59:59.999Z,2014-04-25T00:06:02.000Z,2014-04-25T11:21:02.000Z,2781,500.0870056,500.2990112,442.9509888,461.4490051,46856500,5857079867,2014-04-25T23:59:59.999Z
2014-04-24T00:00:00.000Z,2014-04-24T23:59:59.999Z,2014-04-24T23:56:02.000Z,2014-04-24T09:51:02.000Z,2781,490.8250122,500.4649963,482.9519958,500.4649963,13009400,6350012525,2014-04-24T23:59:59.999Z
2014-04-23T00:00:00.000Z,2014-04-23T23:59:59.999Z,2014-04-23T01:46:03.000Z,2014-04-23T18:51:03.000Z,2781,488.3590088,493.2489929,485.8169861,491.303009,9814530,6231920621,2014-04-23T23:59:59.999Z
2014-04-22T00:00:00.000Z,2014-04-22T23:59:59.999Z,2014-04-22T03:36:02.000Z,2014-04-22T22:46:03.000Z,2781,495.4549866,503.2219849,487.5799866,487.9240112,11670900,6187034895,2014-04-22T23:59:59.999Z
2014-04-21T00:00:00.000Z,2014-04-21T23:59:59.999Z,2014-04-21T01:46:02.000Z,2014-04-21T18:31:03.000Z,2781,497.7390137,510.5679932,493.2009888,495.7730103,15171400,6284666435,2014-04-21T23:59:59.999Z
2014-04-20T00:00:00.000Z,2014-04-20T23:59:59.999Z,2014-04-20T03:06:02.000Z,2014-04-20T16:46:02.000Z,2781,501.7510071,510.8710022,490.8399963,498.1679993,12103100,6312896984,2014-04-20T23:59:59.999Z
2014-04-19T00:00:00.000Z,2014-04-19T23:59:59.999Z,2014-04-19T22:11:02.000Z,2014-04-19T04:31:02.000Z,2781,479.5820007,503.5549927,470.5610046,501.5650024,19588200,6353700029,2014-04-19T23:59:59.999Z
2014-04-18T00:00:00.000Z,2014-04-18T23:59:59.999Z,2014-04-18T06:31:04.000Z,2014-04-18T12:51:02.000Z,2781,495.7980042,498.6010132,472.7409973,479.644989,19042400,6074116360,2014-04-18T23:59:59.999Z
2014-04-17T00:00:00.000Z,2014-04-17T23:59:59.999Z,2014-04-17T00:31:02.000Z,2014-04-17T10:16:03.000Z,2781,529.0670166,533.5170288,484.8739929,495.9630127,34025500,6278792387,2014-04-17T23:59:59.999Z
2014-04-16T00:00:00.000Z,2014-04-16T23:59:59.999Z,2014-04-16T08:31:02.000Z,2014-04-16T09:36:03.000Z,2781,522.1849976,542.3779907,502.7810059,527.3950195,56480100,6674473792,2014-04-16T23:59:59.999Z
2014-04-15T00:00:00.000Z,2014-04-15T23:59:59.999Z,2014-04-15T23:47:22.000Z,2014-04-15T03:56:02.000Z,2781,458.3729858,518.9959717,453.5429993,515.5859985,49561000,6522974948,2014-04-15T23:59:59.999Z
2014-04-14T00:00:00.000Z,2014-04-14T23:59:59.999Z,2014-04-14T11:46:02.000Z,2014-04-14T04:11:03.000Z,2781,414.8280029,469.7510071,407.3729858,458.7869873,50730200,5802302128,2014-04-14T23:59:59.999Z
2014-04-13T00:00:00.000Z,2014-04-13T23:59:59.999Z,2014-04-13T01:31:03.000Z,2014-04-13T16:36:03.000Z,2781,421.4609985,427.3980103,395.2539978,414.0629883,22493500,5234667259,2014-04-13T23:59:59.999Z
2014-04-12T00:00:00.000Z,2014-04-12T23:59:59.999Z,2014-04-12T04:06:03.000Z,2014-04-12T14:16:02.000Z,2781,420.8890076,439.6059875,415.7890015,421.1159973,19226500,5321874506,2014-04-12T23:59:59.999Z
2014-04-11T00:00:00.000Z,2014-04-11T23:59:59.999Z,2014-04-11T18:06:02.000Z,2014-04-11T01:46:02.000Z,2781,363.7099915,429.7669983,351.2720032,420.946991,62562800,5318033925,2014-04-11T23:59:59.999Z
2014-04-10T00:00:00.000Z,2014-04-10T23:59:59.999Z,2014-04-10T01:21:03.000Z,2014-04-10T23:41:02.000Z,2781,442.256012,443.3659973,358.7319946,365.1759949,55868300,4611917257,2014-04-10T23:59:59.999Z
2014-04-09T00:00:00.000Z,2014-04-09T23:59:59.999Z,2014-04-09T02:06:02.000Z,2014-04-09T21:41:03.000Z,2781,453.177002,455.7279968,441.9330139,442.7250061,13204400,5589580215,2014-04-09T23:59:59.999Z
2014-04-08T00:00:00.000Z,2014-04-08T23:59:59.999Z,2014-04-08T07:21:02.000Z,2014-04-08T00:26:03.000Z,2781,447.6130066,457.4240112,446.1140137,453.0859985,10921600,5718579640,2014-04-08T23:59:59.999Z
2014-04-07T00:00:00.000Z,2014-04-07T23:59:59.999Z,2014-04-07T00:06:03.000Z,2014-04-07T16:51:03.000Z,2781,461.473999,462.5639954,445.1220093,449.4230042,15616600,5670830650,2014-04-07T23:59:59.999Z
2014-04-06T00:00:00.000Z,2014-04-06T23:59:59.999Z,2014-04-06T04:46:02.000Z,2014-04-06T13:21:03.000Z,2781,463.3970032,466.3190002,452.9700012,460.4989929,10241400,5808861023,2014-04-06T23:59:59.999Z
2014-04-05T00:00:00.000Z,2014-04-05T23:59:59.999Z,2014-04-05T23:46:02.000Z,2014-04-05T00:46:02.000Z,2781,446.6749878,463.5710144,444.196991,461.9070129,13404500,5824866676,2014-04-05T23:59:59.999Z
2014-04-04T00:00:00.000Z,2014-04-04T23:59:59.999Z,2014-04-04T11:26:03.000Z,2014-04-04T05:51:02.000Z,2781,445.6640015,454.6520081,429.0910034,447.526001,22925500,5641613449,2014-04-04T23:59:59.999Z
2014-04-03T00:00:00.000Z,2014-04-03T23:59:59.999Z,2014-04-03T19:01:02.000Z,2014-04-03T07:21:03.000Z,2781,436.4440002,449.5650024,414.8900146,444.7179871,40765500,5604036051,2014-04-03T23:59:59.999Z
2014-04-02T00:00:00.000Z,2014-04-02T23:59:59.999Z,2014-04-02T10:01:02.000Z,2014-04-02T22:51:05.000Z,2781,479.1369934,495.0450134,431.2690125,437.1400146,49647600,5506313797,2014-04-02T23:59:59.999Z
2014-04-01T00:00:00.000Z,2014-04-01T23:59:59.999Z,2014-04-01T08:26:03.000Z,2014-04-01T00:01:03.000Z,2781,457,495.3429871,457,478.375,35685800,6023351178,2014-04-01T23:59:59.999Z
2014-03-31T00:00:00.000Z,2014-03-31T23:59:59.999Z,2014-03-31T01:56:02.000Z,2014-03-31T05:16:02.000Z,2781,462.2990112,483.0220032,443.3649902,457.0010071,28254000,5752294437,2014-03-31T23:59:59.999Z
2014-03-30T00:00:00.000Z,2014-03-30T23:59:59.999Z,2014-03-30T00:01:03.000Z,2014-03-30T16:31:02.000Z,2781,492.3720093,492.3720093,444.1789856,460.2730103,42958300,5791419543,2014-03-30T23:59:59.999Z
2014-03-29T00:00:00.000Z,2014-03-29T23:59:59.999Z,2014-03-29T11:16:02.000Z,2014-03-29T23:36:03.000Z,2781,501.7130127,504.8590088,489.7340088,491.1719971,11147100,6178428029,2014-03-29T23:59:59.999Z
2014-03-28T00:00:00.000Z,2014-03-28T23:59:59.999Z,2014-03-28T02:56:02.000Z,2014-03-28T00:16:02.000Z,2781,477.1430054,526.0230103,473.2340088,495.6659851,58828300,6232801684,2014-03-28T23:59:59.999Z
2014-03-27T00:00:00.000Z,2014-03-27T23:59:59.999Z,2014-03-27T00:11:02.000Z,2014-03-27T23:56:02.000Z,2781,580.257019,580.5599976,471.2390137,471.2390137,62225400,5923615602,2014-03-27T23:59:59.999Z
2014-03-26T00:00:00.000Z,2014-03-26T23:59:59.999Z,2014-03-26T14:11:02.000Z,2014-03-26T07:41:02.000Z,2781,583.4819946,590.0280151,570.9630127,580.8270264,16401100,7298672082,2014-03-26T23:59:59.999Z
2014-03-25T00:00:00.000Z,2014-03-25T23:59:59.999Z,2014-03-25T20:06:02.000Z,2014-03-25T10:16:02.000Z,2781,585.026001,585.4379883,572.6049805,583.9169922,14020100,7335179952,2014-03-25T23:59:59.999Z
2014-03-24T00:00:00.000Z,2014-03-24T23:59:59.999Z,2014-03-24T22:51:02.000Z,2014-03-24T02:56:02.000Z,2781,562.507019,586.5620117,551.7719727,583.4119873,22706900,7326517067,2014-03-24T23:59:59.999Z
2014-03-23T00:00:00.000Z,2014-03-23T23:59:59.999Z,2014-03-23T19:01:02.000Z,2014-03-23T23:11:02.000Z,2781,565.7639771,570.2379761,560.8779907,561.2719727,9288400,7045871925,2014-03-23T23:59:59.999Z
2014-03-22T00:00:00.000Z,2014-03-22T23:59:59.999Z,2014-03-22T05:46:02.000Z,2014-03-22T10:56:02.000Z,2781,571.1799927,572.5479736,554.3909912,565.039978,17360700,7090150172,2014-03-22T23:59:59.999Z
2014-03-21T00:00:00.000Z,2014-03-21T23:59:59.999Z,2014-03-21T09:11:02.000Z,2014-03-21T11:06:02.000Z,2781,588.2940063,604.59198,561.8129883,571.4899902,38414100,7168656262,2014-03-21T23:59:59.999Z
2014-03-20T00:00:00.000Z,2014-03-20T23:59:59.999Z,2014-03-20T00:01:02.000Z,2014-03-20T14:46:02.000Z,2781,609.7449951,609.7449951,587.492981,588.7700195,20572900,7382675346,2014-03-20T23:59:59.999Z
2014-03-19T00:00:00.000Z,2014-03-19T23:59:59.999Z,2014-03-19T01:46:03.000Z,2014-03-19T18:36:02.000Z,2781,613.8959961,622,609.0960083,609.8880005,14228900,7644702125,2014-03-19T23:59:59.999Z
2014-03-18T00:00:00.000Z,2014-03-18T23:59:59.999Z,2014-03-18T00:06:03.000Z,2014-03-18T12:56:02.000Z,2781,621.8380127,622.3909912,603.7960205,614.8319702,24011500,7704183118,2014-03-18T23:59:59.999Z
2014-03-17T00:00:00.000Z,2014-03-17T23:59:59.999Z,2014-03-17T01:46:02.000Z,2014-03-17T12:01:02.000Z,2781,630.9199829,632.6799927,616.8549805,622.3729858,14648200,7796513249,2014-03-17T23:59:59.999Z
2014-03-16T00:00:00.000Z,2014-03-16T23:59:59.999Z,2014-03-16T08:06:02.000Z,2014-03-16T14:51:03.000Z,2781,636.5,637.5200195,628.1099854,631.1099854,5277290,7903422086,2014-03-16T23:59:59.999Z
2014-03-15T00:00:00.000Z,2014-03-15T23:59:59.999Z,2014-03-15T20:11:02.000Z,2014-03-15T01:41:02.000Z,2781,629.3699951,639.1400146,627.2999878,636.1199951,4342080,7963443153,2014-03-15T23:59:59.999Z
2014-03-14T00:00:00.000Z,2014-03-14T23:59:59.999Z,2014-03-14T02:46:02.000Z,2014-03-14T23:21:02.000Z,2781,638.1400146,639.5300293,627.210022,628.7999878,11913800,7869180480,2014-03-14T23:59:59.999Z
2014-03-13T00:00:00.000Z,2014-03-13T23:59:59.999Z,2014-03-13T12:41:02.000Z,2014-03-13T00:16:01.000Z,2781,633.6199951,644.2000122,630.8499756,638.1400146,11634900,7983960982,2014-03-13T23:59:59.999Z
2014-03-12T00:00:00.000Z,2014-03-12T23:59:59.999Z,2014-03-12T01:11:02.000Z,2014-03-12T22:16:02.000Z,2781,631.9099731,648.0300293,629.5100098,632.0999756,18621200,7905832725,2014-03-12T23:59:59.999Z
2014-03-11T00:00:00.000Z,2014-03-11T23:59:59.999Z,2014-03-11T21:21:02.000Z,2014-03-11T14:46:01.000Z,2781,627.9500122,638.4199829,618.8400269,634.1099854,11732500,7928102950,2014-03-11T23:59:59.999Z
2014-03-10T00:00:00.000Z,2014-03-10T23:59:59.999Z,2014-03-10T02:36:08.000Z,2014-03-10T20:11:02.000Z,2781,636.3300171,644.7600098,615.0200195,627.789978,20639800,7846433315,2014-03-10T23:59:59.999Z
2014-03-09T00:00:00.000Z,2014-03-09T23:59:59.999Z,2014-03-09T13:41:02.000Z,2014-03-09T05:11:01.000Z,2781,616.3099976,643.9500122,612.3499756,636.960022,15396500,7958687808,2014-03-09T23:59:59.999Z
2014-03-08T00:00:00.000Z,2014-03-08T23:59:59.999Z,2014-03-08T01:26:01.000Z,2014-03-08T17:41:02.000Z,2781,629.6599731,635.1400146,604.460022,617.4500122,18654200,7712151171,2014-03-08T23:59:59.999Z
2014-03-07T00:00:00.000Z,2014-03-07T23:59:59.999Z,2014-03-07T00:06:02.000Z,2014-03-07T18:41:02.000Z,2781,664.3099976,665.3400269,616.3499756,629.1500244,34150800,7855629815,2014-03-07T23:59:59.999Z
2014-03-06T00:00:00.000Z,2014-03-06T23:59:59.999Z,2014-03-06T03:11:02.000Z,2014-03-06T14:26:02.000Z,2781,664.5200195,669.7700195,649.789978,663.8599854,16068100,8286267327,2014-03-06T23:59:59.999Z
2014-03-05T00:00:00.000Z,2014-03-05T23:59:59.999Z,2014-03-05T00:51:02.000Z,2014-03-05T09:01:23.000Z,2781,666.2399902,674.2800293,646.2800293,665.5100098,22461900,8304000852,2014-03-05T23:59:59.999Z
2014-03-04T00:00:00.000Z,2014-03-04T23:59:59.999Z,2014-03-04T15:06:02.000Z,2014-03-04T19:56:02.000Z,2781,668.2399902,696.2199707,655.6799927,666.7800293,55344600,8317230356,2014-03-04T23:59:59.999Z
2014-03-03T00:00:00.000Z,2014-03-03T23:59:59.999Z,2014-03-03T18:01:43.000Z,2014-03-03T00:06:23.000Z,2781,562.5599976,702.9099731,560.5200195,667.7600098,96056896,8326933812,2014-03-03T23:59:59.999Z
2014-03-02T00:00:00.000Z,2014-03-02T23:59:59.999Z,2014-03-02T11:36:02.000Z,2014-03-02T23:46:01.000Z,2781,567.2299805,570.4799805,553.2700195,559.789978,7950760,6978524072,2014-03-02T23:59:59.999Z
2014-03-01T00:00:00.000Z,2014-03-01T23:59:59.999Z,2014-03-01T21:51:01.000Z,2014-03-01T00:11:02.000Z,2781,549.9199829,573.3800049,539.289978,565.6099854,18668100,7049084308,2014-03-01T23:59:59.999Z
2014-02-28T00:00:00.000Z,2014-02-28T23:59:59.999Z,2014-02-28T02:06:02.000Z,2014-02-28T23:46:02.000Z,2781,579.7000122,584.1400146,545.1699829,549.2600098,28076100,6843353924,2014-02-28T23:59:59.999Z
2014-02-27T00:00:00.000Z,2014-02-27T23:59:59.999Z,2014-02-27T00:56:02.000Z,2014-02-27T10:11:02.000Z,2781,581.6500244,594.0499878,566.6199951,578.7700195,25540800,7208406719,2014-02-27T23:59:59.999Z
2014-02-26T00:00:00.000Z,2014-02-26T23:59:59.999Z,2014-02-26T08:31:02.000Z,2014-02-26T00:11:02.000Z,2781,537.039978,603.7999878,532.5800171,582.6900024,64642700,7254505067,2014-02-26T23:59:59.999Z
2014-02-25T00:00:00.000Z,2014-02-25T23:59:59.999Z,2014-02-25T22:36:02.000Z,2014-02-25T06:31:02.000Z,2781,540.2399902,541.3800049,420.4100037,538.710022,126314000,6704461434,2014-02-25T23:59:59.999Z
2014-02-24T00:00:00.000Z,2014-02-24T23:59:59.999Z,2014-02-24T00:06:06.000Z,2014-02-24T22:01:02.000Z,2781,606.039978,607.6099854,538.7000122,546.3200073,57893900,6796971990,2014-02-24T23:59:59.999Z
2014-02-23T00:00:00.000Z,2014-02-23T23:59:59.999Z,2014-02-23T10:01:49.000Z,2014-02-23T01:36:22.000Z,2781,606.4699707,639.9099731,599.7000122,605.8200073,31434400,7534325867,2014-02-23T23:59:59.999Z
2014-02-22T00:00:00.000Z,2014-02-22T23:59:59.999Z,2014-02-22T17:01:02.000Z,2014-02-22T07:56:02.000Z,2781,574.2399902,614.4799805,558.5800171,605.4199829,31254000,7526808473,2014-02-22T23:59:59.999Z
2014-02-21T00:00:00.000Z,2014-02-21T23:59:59.999Z,2014-02-21T13:16:01.000Z,2014-02-21T01:36:03.000Z,2781,556.8800049,582.960022,530.4699707,574.1599731,47308100,7135603064,2014-02-21T23:59:59.999Z
2014-02-20T00:00:00.000Z,2014-02-20T23:59:59.999Z,2014-02-20T03:11:02.000Z,2014-02-20T23:56:05.000Z,2781,623.0900269,627.7299805,556.1400146,556.1400146,46905000,6909538974,2014-02-20T23:59:59.999Z
2014-02-19T00:00:00.000Z,2014-02-19T23:59:59.999Z,2014-02-19T20:21:22.000Z,2014-02-19T11:21:02.000Z,2781,625.9699707,631.7700195,618.7000122,623.0300293,13897800,7737830115,2014-02-19T23:59:59.999Z
2014-02-18T00:00:00.000Z,2014-02-18T23:59:59.999Z,2014-02-18T04:16:02.000Z,2014-02-18T16:01:43.000Z,2781,627.1599731,645.7600098,612.539978,626.5999756,20015100,7779035355,2014-02-18T23:59:59.999Z
2014-02-17T00:00:00.000Z,2014-02-17T23:59:59.999Z,2014-02-17T13:06:18.000Z,2014-02-17T05:06:05.000Z,2781,614.2299805,656.9500122,607.3099976,626.2700195,31948400,7772386462,2014-02-17T23:59:59.999Z
2014-02-16T00:00:00.000Z,2014-02-16T23:59:59.999Z,2014-02-16T03:56:03.000Z,2014-02-16T19:26:12.000Z,2781,651.2999878,665.0999756,584.1699829,616.6300049,40061700,7650358837,2014-02-16T23:59:59.999Z
2014-02-15T00:00:00.000Z,2014-02-15T23:59:59.999Z,2014-02-15T09:06:02.000Z,2014-02-15T05:01:05.000Z,2781,660.9000244,661.8400269,632.8400269,650.9199829,26709200,8072579656,2014-02-15T23:59:59.999Z
2014-02-14T00:00:00.000Z,2014-02-14T23:59:59.999Z,2014-02-14T16:26:03.000Z,2014-02-14T03:21:12.000Z,2781,601.1699829,691.7199707,541.039978,661.9899902,102506000,8206805878,2014-02-14T23:59:59.999Z
2014-02-13T00:00:00.000Z,2014-02-13T23:59:59.999Z,2014-02-13T01:36:01.000Z,2014-02-13T21:26:04.000Z,2781,651.0800171,657.9899902,601.9099731,605.2399902,38588100,7500376176,2014-02-13T23:59:59.999Z
2014-02-12T00:00:00.000Z,2014-02-12T23:59:59.999Z,2014-02-12T00:11:02.000Z,2014-02-12T09:11:01.000Z,2781,672.3800049,672.9000244,643.039978,651.7199707,25367600,8073458481,2014-02-12T23:59:59.999Z
2014-02-11T00:00:00.000Z,2014-02-11T23:59:59.999Z,2014-02-11T08:51:02.000Z,2014-02-11T21:56:03.000Z,2781,683.5,712.460022,636.6599731,672.1699829,72745200,8323817195,2014-02-11T23:59:59.999Z
2014-02-10T00:00:00.000Z,2014-02-10T23:59:59.999Z,2014-02-10T02:36:02.000Z,2014-02-10T11:06:02.000Z,2781,681.3200073,703.710022,550.5,681.0300293,112758000,8430742782,2014-02-10T23:59:59.999Z
2014-02-09T00:00:00.000Z,2014-02-09T23:59:59.999Z,2014-02-09T14:11:22.000Z,2014-02-09T02:21:02.000Z,2781,671.460022,712.2700195,655.25,682.9000244,39311400,8451228950,2014-02-09T23:59:59.999Z
2014-02-08T00:00:00.000Z,2014-02-08T23:59:59.999Z,2014-02-08T09:16:04.000Z,2014-02-08T22:56:03.000Z,2781,699.5700073,721.8200073,661.8699951,673.9199829,38742600,8337738240,2014-02-08T23:59:59.999Z
2014-02-07T00:00:00.000Z,2014-02-07T23:59:59.999Z,2014-02-07T00:01:05.000Z,2014-02-07T08:26:02.000Z,2781,783.2000122,783.2000122,654.3499756,712.4000244,113643000,8810607000,2014-02-07T23:59:59.999Z
2014-02-06T00:00:00.000Z,2014-02-06T23:59:59.999Z,2014-02-06T01:51:02.000Z,2014-02-06T07:06:08.000Z,2781,815.5900269,819.8099976,770.5900269,781.5499878,50108700,9662791119,2014-02-06T23:59:59.999Z
2014-02-05T00:00:00.000Z,2014-02-05T23:59:59.999Z,2014-02-05T08:21:01.000Z,2014-02-05T23:56:05.000Z,2781,829.960022,837.3200073,811.9099731,811.9099731,22395100,10034436286,2014-02-05T23:59:59.999Z
2014-02-04T00:00:00.000Z,2014-02-04T23:59:59.999Z,2014-02-04T08:41:01.000Z,2014-02-04T01:11:02.000Z,2781,823.7700195,840.1699829,820.9400024,827.960022,16609700,10229342305,2014-02-04T23:59:59.999Z
2014-02-03T00:00:00.000Z,2014-02-03T23:59:59.999Z,2014-02-03T01:41:02.000Z,2014-02-03T07:51:02.000Z,2781,824.0800171,826.4799805,807.2199707,823.8300171,13940100,10174774202,2014-02-03T23:59:59.999Z
2014-02-02T00:00:00.000Z,2014-02-02T23:59:59.999Z,2014-02-02T14:01:01.000Z,2014-02-02T22:06:02.000Z,2781,832.9000244,844.7199707,820.6699829,825.3699951,11300900,10190038654,2014-02-02T23:59:59.999Z
2014-02-01T00:00:00.000Z,2014-02-01T23:59:59.999Z,2014-02-01T14:16:02.000Z,2014-02-01T01:56:02.000Z,2781,828.6099854,853.5200195,827.1099854,832.5800171,19668700,10275202812,2014-02-01T23:59:59.999Z
2014-01-31T00:00:00.000Z,2014-01-31T23:59:59.999Z,2014-01-31T23:31:02.000Z,2014-01-31T06:11:01.000Z,2781,818.4299927,831.8699951,812.5999756,829.9199829,17107900,10238411820,2014-01-31T23:59:59.999Z
2014-01-30T00:00:00.000Z,2014-01-30T23:59:59.999Z,2014-01-30T16:41:02.000Z,2014-01-30T09:21:02.000Z,2781,826.0200195,830.5,799.0599976,819.0300293,29918200,10100339387,2014-01-30T23:59:59.999Z
2014-01-29T00:00:00.000Z,2014-01-29T23:59:59.999Z,2014-01-29T17:21:01.000Z,2014-01-29T00:31:02.000Z,2781,809.960022,836.8699951,809.8499756,826,17984400,10182659550,2014-01-29T23:59:59.999Z
2014-01-28T00:00:00.000Z,2014-01-28T23:59:59.999Z,2014-01-28T17:16:02.000Z,2014-01-28T06:16:02.000Z,2781,774.0200195,832.5,766.9799805,812.5100098,44875500,10013251364,2014-01-28T23:59:59.999Z
2014-01-27T00:00:00.000Z,2014-01-27T23:59:59.999Z,2014-01-27T03:51:02.000Z,2014-01-27T23:31:02.000Z,2781,884.5999756,893,757.1099854,771.3900146,49233600,9503544085,2014-01-27T23:59:59.999Z
2014-01-26T00:00:00.000Z,2014-01-26T23:59:59.999Z,2014-01-26T15:21:02.000Z,2014-01-26T05:11:02.000Z,2781,853.6799927,897.0200195,844.8599854,885.2800293,32224300,10902798632,2014-01-26T23:59:59.999Z
2014-01-25T00:00:00.000Z,2014-01-25T23:59:59.999Z,2014-01-25T21:41:02.000Z,2014-01-25T01:01:01.000Z,2781,796.2399902,861.4500122,792.960022,853.6099854,24303900,10509539619,2014-01-25T23:59:59.999Z
2014-01-24T00:00:00.000Z,2014-01-24T23:59:59.999Z,2014-01-24T00:01:02.000Z,2014-01-24T07:26:02.000Z,2781,822.4299927,822.4299927,783.5800171,797.0700073,34912000,9810138293,2014-01-24T23:59:59.999Z
2014-01-23T00:00:00.000Z,2014-01-23T23:59:59.999Z,2014-01-23T02:16:02.000Z,2014-01-23T23:41:02.000Z,2781,845.460022,851.5700073,819.3200073,822.039978,15607100,10113558120,2014-01-23T23:59:59.999Z
2014-01-22T00:00:00.000Z,2014-01-22T23:59:59.999Z,2014-01-22T07:16:01.000Z,2014-01-22T13:21:02.000Z,2781,867.210022,870.1500244,837.3599854,845.5900269,18453700,10399573174,2014-01-22T23:59:59.999Z
2014-01-21T00:00:00.000Z,2014-01-21T23:59:59.999Z,2014-01-21T02:01:02.000Z,2014-01-21T10:36:02.000Z,2781,869.6500244,881.2000122,855.9299927,863.9099731,18997300,10620283205,2014-01-21T23:59:59.999Z
2014-01-20T00:00:00.000Z,2014-01-20T23:59:59.999Z,2014-01-20T03:31:01.000Z,2014-01-20T00:51:02.000Z,2781,871.3900146,886.3900146,853.8699951,870.2000122,27652700,10694453430,2014-01-20T23:59:59.999Z
2014-01-19T00:00:00.000Z,2014-01-19T23:59:59.999Z,2014-01-19T23:56:01.000Z,2014-01-19T05:36:02.000Z,2781,839.6599731,870.960022,825.5300293,870.960022,24365700,10699504086,2014-01-19T23:59:59.999Z
2014-01-18T00:00:00.000Z,2014-01-18T23:59:59.999Z,2014-01-18T14:31:02.000Z,2014-01-18T00:01:01.000Z,2781,816.0700073,841.4899902,816.0700073,840,18052700,10315662000,2014-01-18T23:59:59.999Z
2014-01-17T00:00:00.000Z,2014-01-17T23:59:59.999Z,2014-01-17T09:06:01.000Z,2014-01-17T19:26:02.000Z,2781,834.4899902,842.9099731,797.6300049,814.6400146,39031700,10000663202,2014-01-17T23:59:59.999Z
2014-01-16T00:00:00.000Z,2014-01-16T23:59:59.999Z,2014-01-16T06:11:02.000Z,2014-01-16T23:56:02.000Z,2781,860.289978,866.1599731,835.6300049,835.6300049,19149300,10255185612,2014-01-16T23:59:59.999Z
2014-01-15T00:00:00.000Z,2014-01-15T23:59:59.999Z,2014-01-15T10:36:01.000Z,2014-01-15T00:31:02.000Z,2781,833.1199951,872.8099976,830.8599854,860.9000244,28107200,10561305975,2014-01-15T23:59:59.999Z
2014-01-14T00:00:00.000Z,2014-01-14T23:59:59.999Z,2014-01-14T08:31:02.000Z,2014-01-14T13:06:01.000Z,2781,843.1699829,855.6900024,825.6599731,833.2700195,20829800,10218535832,2014-01-14T23:59:59.999Z
2014-01-13T00:00:00.000Z,2014-01-13T23:59:59.999Z,2014-01-13T01:21:02.000Z,2014-01-13T13:31:01.000Z,2781,860.1900024,861.289978,806.0499878,841.2000122,45580900,10312375950,2014-01-13T23:59:59.999Z
2014-01-12T00:00:00.000Z,2014-01-12T23:59:59.999Z,2014-01-12T00:16:02.000Z,2014-01-12T13:26:02.000Z,2781,919.5999756,928.5200195,851.1699829,863.2199707,39623500,10578653198,2014-01-12T23:59:59.999Z
2014-01-11T00:00:00.000Z,2014-01-11T23:59:59.999Z,2014-01-11T11:41:02.000Z,2014-01-11T00:31:02.000Z,2781,867.3200073,921.4799805,861.7199707,913.9500122,44754200,11195636164,2014-01-11T23:59:59.999Z
2014-01-10T00:00:00.000Z,2014-01-10T23:59:59.999Z,2014-01-10T22:46:01.000Z,2014-01-10T05:36:02.000Z,2781,846.6900024,871.1900024,822.5999756,868.4799805,31876800,10634081648,2014-01-10T23:59:59.999Z
2014-01-09T00:00:00.000Z,2014-01-09T23:59:59.999Z,2014-01-09T07:06:02.000Z,2014-01-09T19:06:02.000Z,2781,841.4699707,864.3599854,804.1400146,846.8599854,59998600,10365397028,2014-01-09T23:59:59.999Z
2014-01-08T00:00:00.000Z,2014-01-08T23:59:59.999Z,2014-01-08T11:26:02.000Z,2014-01-08T00:36:02.000Z,2781,795.9899902,870.6799927,776.1799927,842.7199707,74175600,10310363180,2014-01-08T23:59:59.999Z
2014-01-07T00:00:00.000Z,2014-01-07T23:59:59.999Z,2014-01-07T02:26:02.000Z,2014-01-07T23:56:02.000Z,2781,946.4899902,965.7399902,802,802,81311696,9808299600,2014-01-07T23:59:59.999Z
2014-01-06T00:00:00.000Z,2014-01-06T23:59:59.999Z,2014-01-06T11:51:02.000Z,2014-01-06T11:06:02.000Z,2781,936.0499878,1017.119995,905.710022,953.289978,85565696,11620533603,2014-01-06T23:59:59.999Z
2014-01-05T00:00:00.000Z,2014-01-05T23:59:59.999Z,2014-01-05T19:26:01.000Z,2014-01-05T02:06:01.000Z,2781,858.5499878,952.4000244,854.5200195,933.5300293,72898496,11379660685,2014-01-05T23:59:59.999Z
2014-01-04T00:00:00.000Z,2014-01-04T23:59:59.999Z,2014-01-04T23:56:02.000Z,2014-01-04T04:21:01.000Z,2781,823.2700195,859.5100098,801.6699829,859.5100098,38005000,10477362437,2014-01-04T23:59:59.999Z
2014-01-03T00:00:00.000Z,2014-01-03T23:59:59.999Z,2014-01-03T13:41:02.000Z,2014-01-03T03:16:01.000Z,2781,802.8499756,834.1500244,789.1199951,818.7199707,37810100,9980135396,2014-01-03T23:59:59.999Z
2014-01-02T00:00:00.000Z,2014-01-02T23:59:59.999Z,2014-01-02T21:31:03.000Z,2014-01-02T15:01:02.000Z,2781,773.4400024,820.3099976,767.210022,802.3900146,38489500,9781073921,2014-01-02T23:59:59.999Z
2014-01-01T00:00:00.000Z,2014-01-01T23:59:59.999Z,2014-01-01T23:46:02.000Z,2014-01-01T00:01:02.000Z,2781,754.9699707,775.3499756,754.9699707,771.4000244,22489400,9403308145,2014-01-01T23:59:59.999Z
